2021010287661,2021,010287661,1,1,3,1,50,8,3,8,1,0,0,0,0,-1,-1,-1,0,0,1,-1
2021010293865,2021,010293865,1,1,3,1,35,6,3,5,1,0,0,0,0,2,E01001509,-1,0,0,1,-1
2021010298600,2021,010298600,1,1,3,1,6,2,3,5,9,0,0,0,0,9,E01003418,-1,0,0,1,-1
2021010302619,2021,010302619,1,1,3,1,41,7,3,6,9,0,0,0,0,7,E01001882,-1,0,0,1,-1
2021010304568,2021,010304568,1,1,3,1,11,3,3,4,1,0,0,0,0,2,E01000027,-1,0,0,1,-1
2021010305686,2021,010305686,1,1,3,1,9,2,3,1,3,0,0,0,0,1,E01001425,-1,0,0,1,-1
2021010307036,2021,010307036,1,1,3,1,14,3,3,1,1,0,0,0,0,4,E01001286,-1,0,0,1,-1
2021010307458,2021,010307458,1,1,3,2,6,2,3,1,1,0,0,0,0,1,E01001562,-1,0,0,1,-1
2021010307898,2021,010307898,1,1,3,2,14,3,3,1,3,0,0,0,0,3,E01002408,-1,0,0,1,-1
2021010309506,2021,010309506,1,1,3,1,74,10,2,5,3,0,0,0,0,8,E01002150,-1,0,1,0,-1
2021010309887,2021,010309887,1,1,3,2,13,3,3,1,1,0,0,0,0,6,E01004534,-1,0,0,1,-1
2021010311841,2021,010311841,1,1,3,1,7,2,3,5,4,0,0,0,0,6,E01002380,-1,0,0,1,-1
2021010312160,2021,010312160,1,2,3,1,12,3,2,1,1,0,0,0,0,4,E01003541,-1,0,1,0,-1
2021010315589,2021,010315589,1,1,3,1,61,9,3,10,9,0,0,0,0,2,E01016025,-1,0,0,1,-1
2021010319076,2021,010319076,2,1,3,1,42,7,2,1,2,0,0,0,0,2,E01003190,-1,0,1,0,-1
2021010322520,2021,010322520,1,1,3,1,31,6,3,5,3,0,0,0,0,5,E01004463,-1,0,0,1,-1
2021010325928,2021,010325928,1,1,3,1,64,9,3,1,3,0,0,0,0,6,E01002861,-1,0,0,1,-1
2021010331031,2021,010331031,1,1,3,1,10,2,3,5,3,0,0,0,0,8,E01000784,-1,0,0,1,-1
2021010332121,2021,010332121,1,1,3,2,61,9,3,9,7,0,0,0,0,8,E01002981,-1,0,0,1,-1
2021010338233,2021,010338233,1,1,3,2,82,11,2,5,1,0,0,0,0,8,E01001994,-1,0,1,0,-1
2021010340412,2021,010340412,1,1,3,2,54,8,2,4,2,0,0,0,0,5,E01001863,-1,0,1,0,-1
2021010341031,2021,010341031,1,1,3,2,26,6,3,4,3,0,0,0,0,4,E01000618,-1,0,0,1,-1
2021010341376,2021,010341376,1,1,3,2,74,10,3,9,9,0,0,0,0,6,E01002141,-1,0,0,1,-1
2021010342387,2021,010342387,1,1,3,2,40,7,3,8,3,0,0,0,0,8,E01003399,-1,0,0,1,-1
2021010343281,2021,010343281,1,1,3,1,38,7,3,4,1,0,0,0,0,7,E01024188,-1,0,0,1,-1
2021010348141,2021,010348141,1,1,3,2,22,5,2,8,6,0,0,0,0,3,E01004592,-1,0,1,0,-1
2021010348846,2021,010348846,1,1,3,2,49,8,2,1,2,0,0,0,0,2,E01001333,-1,0,1,0,-1
2021010349008,2021,010349008,1,1,3,1,29,6,3,5,3,0,0,0,0,2,E01001051,-1,0,0,1,-1
2021010357796,2021,010357796,1,1,3,1,38,7,3,1,1,0,0,0,0,4,E01032778,-1,0,0,1,-1
2021041036581,2021,041036581,1,1,3,1,20,4,3,1,3,0,0,0,0,1,E01012737,3,1,0,1,-1
2021041108970,2021,041108970,1,1,3,1,48,8,3,9,7,0,0,0,0,-1,-1,3,1,0,1,-1
2021041113880,2021,041113880,1,1,3,1,13,3,2,10,1,0,0,0,0,4,E01012599,7,1,1,0,-1
2021052101162,2021,052101162,1,1,3,2,68,10,2,8,1,0,0,0,0,1,E01006720,-1,0,1,0,-1
2021052101956,2021,052101956,1,1,3,1,25,5,3,5,3,0,0,0,0,1,E01006968,-1,0,0.07032,0.92968,-1
2021052102648,2021,052102648,1,1,3,1,41,7,3,1,1,0,0,0,0,1,E01006540,-1,0,0.09037,0.90963,-1
2021052102779,2021,052102779,1,1,3,2,21,5,3,9,5,0,0,0,0,1,E01006721,-1,0,0.13055,0.86945,-1
2021061028141,2021,061028141,1,1,3,1,11,3,2,1,3,0,0,0,0,1,E01005325,7,1,1,0,-1
2021061053723,2021,061053723,1,1,3,1,5,1,3,10,9,0,0,0,0,6,E01005620,3,1,0,1,-1
2021061079696,2021,061079696,1,1,3,1,4,1,3,10,9,0,0,0,0,1,E01005353,3,1,0,1,-1
2021061091763,2021,061091763,1,1,3,1,8,2,2,5,1,0,0,0,0,-1,-1,7,1,1,0,-1
2021070201362,2021,070201362,1,1,3,1,59,9,3,6,9,0,0,0,0,10,E01018413,-1,0,0.07858,0.92142,-1
2021070484358,2021,070484358,1,1,3,1,24,5,2,4,3,0,0,0,0,-1,-1,-1,0,1,0,-1
2021070594530,2021,070594530,1,1,3,2,72,10,2,5,1,0,0,0,0,3,E01012458,-1,0,1,0,-1
2021070787772,2021,070787772,1,1,3,1,58,9,3,10,9,0,0,0,0,-1,-1,-1,0,0.09732,0.90268,-1
2021101079161,2021,101079161,1,2,3,1,-1,-1,3,5,1,0,0,-1,0,1,E01008399,3,1,0,1,-1
2021101103177,2021,101103177,2,1,3,2,44,7,3,6,9,0,0,0,0,-1,-1,3,1,0,1,-1
2021101173147,2021,101173147,1,1,3,1,24,5,3,5,1,0,0,0,0,-1,-1,3,1,0,1,-1
2021111069237,2021,111069237,1,1,3,1,44,7,3,5,1,0,0,0,0,4,E01020609,3,1,0,1,-1
2021122100639,2021,122100639,1,1,3,2,69,10,2,8,1,0,0,0,0,10,E01013413,-1,0,1,0,-1
2021131035673,2021,131035673,1,1,3,1,42,7,3,8,8,0,0,2,0,7,E01011768,3,1,0,1,-1
2021131049785,2021,131049785,1,1,3,2,27,6,3,9,7,0,0,1,0,1,E01010612,3,1,0,1,-1
2021131062234,2021,131062234,1,1,3,1,31,6,2,5,9,0,0,2,0,3,E01011100,7,1,1,0,-1
2021131070299,2021,131070299,1,1,3,1,12,3,2,5,1,0,0,2,0,-1,-1,7,1,1,0,-1
2021131083358,2021,131083358,1,1,3,2,23,5,3,5,3,0,0,2,0,4,E01010978,3,1,0,1,-1
2021131098606,2021,131098606,1,1,3,2,64,9,3,5,9,0,0,2,0,2,E01010889,3,1,0,1,-1
2021131105438,2021,131105438,1,1,3,2,21,5,3,5,1,0,0,2,0,4,E01011668,3,1,0,1,-1
2021131120210,2021,131120210,1,1,3,2,45,7,3,5,3,0,0,2,0,5,E01010756,3,1,0,1,-1
20211383H1311,2021,1383H1311,1,1,3,2,21,5,2,5,1,0,0,0,0,3,E01010950,-1,0,1,0,-1
2021141018405,2021,141018405,1,2,3,1,26,6,3,9,5,0,0,0,0,1,E01007736,3,1,0,1,-1
2021141050377,2021,141050377,1,1,3,1,16,4,3,6,9,0,0,0,0,7,E01007700,3,1,0,1,-1
2021161028500,2021,161028500,2,1,3,1,54,8,3,5,1,0,0,0,0,3,E01012963,3,1,0,1,-1
2021170S11781,2021,170S11781,1,1,3,1,19,4,3,4,1,0,0,0,0,5,E01012218,-1,0,0.09864,0.90136,-1
2021201033982,2021,201033982,1,1,3,1,29,6,3,9,5,0,0,2,0,1,E01009572,3,1,0,1,-1
2021201059296,2021,201059296,1,1,3,1,35,6,3,5,2,0,0,0,0,1,E01009362,3,1,0,1,-1
2021201066504,2021,201066504,1,1,3,2,57,9,2,6,9,0,0,0,0,-1,-1,7,1,1,0,-1
2021201078930,2021,201078930,1,1,3,1,-1,-1,3,5,2,0,0,2,0,-1,-1,3,1,0,1,-1
2021201084570,2021,201084570,1,1,3,1,26,6,3,1,3,0,0,2,0,-1,-1,3,1,0,1,-1
2021201104967,2021,201104967,1,1,3,1,36,7,3,6,9,0,0,2,0,1,E01008909,3,1,0,1,-1
2021201105215,2021,201105215,1,1,3,2,73,10,3,1,1,0,0,0,0,2,E01009740,3,1,0,1,-1
2021201129029,2021,201129029,1,1,3,2,3,1,3,4,1,0,0,0,0,-1,-1,3,1,0,1,-1
2021201138408,2021,201138408,1,1,3,1,42,7,3,5,3,0,0,2,0,-1,-1,3,1,0,1,-1
2021221037005,2021,221037005,1,1,3,2,24,5,2,5,3,0,0,0,0,7,E01032253,7,1,1,0,-1
2021302101304,2021,302101304,1,1,3,1,2,1,3,6,9,0,0,0,0,3,E01019468,-1,0,0.0277,0.9723,-1
2021302102091,2021,302102091,1,1,3,2,24,5,3,6,9,0,0,0,0,4,E01028133,-1,0,0.01397,0.98603,-1
202131A092521,2021,31A092521,1,1,3,2,3,1,2,1,1,0,0,0,0,-1,-1,-1,0,1,0,-1
2021320400144,2021,320400144,1,1,3,2,38,7,3,6,9,0,0,0,0,3,E01026178,-1,0,0.06014,0.93986,-1
2021332100412,2021,332100412,1,1,3,2,17,4,3,9,5,0,0,0,0,9,E01025750,-1,0,0.08197,0.91803,-1
2021332100884,2021,332100884,1,1,3,1,6,2,3,1,1,0,0,0,0,1,E01013604,-1,0,0.02761,0.97239,-1
202134NNC9131,2021,34NNC9131,1,1,3,1,83,11,1,8,8,0,0,0,0,4,E01027320,-1,0,0,0,-1
2021351119098,2021,351119098,1,2,3,2,0,1,3,10,9,0,0,0,0,2,E01018078,3,1,0,1,-1
2021351121389,2021,351121389,1,1,3,2,68,10,2,9,3,0,0,0,0,8,E01017950,5,1,1,0,-1
2021361015709,2021,361015709,1,1,3,2,36,7,3,10,9,0,0,2,0,6,E01026469,3,1,0,1,-1
2021371043482,2021,371043482,1,1,3,2,12,3,2,9,9,0,0,0,0,1,E01029982,7,1,1,0,-1
2021371114216,2021,371114216,1,1,3,2,37,7,3,1,9,0,0,0,0,2,E01029988,3,1,0,1,-1
2021401095444,2021,401095444,1,1,3,1,73,10,3,1,1,0,0,0,0,4,E01015804,3,1,0,1,-1
2021411070103,2021,411070103,1,1,3,2,35,6,3,1,1,0,0,0,0,4,E01023543,3,1,0,1,-1
2021411089815,2021,411089815,1,1,3,1,73,10,2,10,9,0,0,0,0,9,E01023962,7,1,1,0,-1
2021411118862,2021,411118862,1,1,3,2,65,9,3,5,1,0,0,0,0,6,E01023789,3,1,0,1,-1
2021421054614,2021,421054614,1,1,3,2,50,8,3,1,3,0,0,0,0,4,E01021688,3,1,0,1,-1
2021421054976,2021,421054976,1,1,3,1,29,6,2,9,5,0,0,0,0,6,E01021353,6,1,1,0,-1
2021421085962,2021,421085962,1,1,3,1,29,6,2,8,1,0,0,0,0,3,E01021889,5,1,1,0,-1
2021421086487,2021,421086487,1,1,3,1,42,7,2,9,9,0,0,2,0,-1,-1,5,1,1,0,-1
2021430156220,2021,430156220,1,1,3,1,41,7,3,9,5,0,0,0,0,6,E01017589,-1,0,0.04785,0.95215,-1
2021430195149,2021,430195149,1,1,3,2,19,4,2,6,9,0,0,0,0,6,E01016574,-1,0,1,0,-1
2021430209160,2021,430209160,1,1,3,1,69,10,3,5,2,0,0,0,0,10,E01017785,-1,0,0.05216,0.94784,-1
2021430230005,2021,430230005,1,1,3,1,11,3,3,5,1,0,0,0,0,5,E01028505,-1,0,0.05296,0.94704,-1
2021430393084,2021,430393084,1,1,3,1,34,6,2,5,1,0,0,0,0,4,E01016360,-1,0,1,0,-1
2021430407019,2021,430407019,1,1,3,1,13,3,3,5,4,0,0,0,0,8,E01016656,-1,0,0.03702,0.96298,-1
2021440331094,2021,440331094,1,1,3,1,71,10,2,10,9,0,0,0,0,4,E01022734,-1,0,0.93322,0.06678,-1
2021440485639,2021,440485639,1,1,3,2,71,10,2,5,1,0,0,0,0,8,E01017302,-1,0,0.92728,0.07272,-1
2021440502596,2021,440502596,1,1,3,1,58,9,3,9,8,0,0,0,0,10,E01022862,-1,0,0,1,-1
2021451087258,2021,451087258,1,1,3,1,11,3,3,5,1,0,0,0,0,10,E01030561,3,1,0,1,-1
2021451093897,2021,451093897,1,1,3,2,53,8,3,5,2,0,0,0,0,10,E01004196,3,1,0,1,-1
2021471028688,2021,471028688,1,1,3,1,20,4,3,5,1,0,0,0,0,4,E01000588,3,1,0,1,-1
2021471041131,2021,471041131,1,1,3,1,33,6,3,5,4,0,0,0,0,7,E01031405,3,1,0,1,-1
2021471043208,2021,471043208,1,1,3,1,55,8,2,8,5,0,0,0,0,4,E01016857,7,1,1,0,-1
2021471050980,2021,471050980,1,1,3,1,56,9,3,9,5,0,0,0,0,6,E01022824,3,1,0,1,-1
2021471052932,2021,471052932,1,1,3,2,-1,-1,3,6,5,0,0,0,0,2,E01020014,3,1,0,1,-1
2021471065834,2021,471065834,1,1,3,2,11,3,3,5,9,0,0,0,0,10,E01031654,3,1,0,1,-1
2021471079383,2021,471079383,1,1,3,1,56,9,2,5,1,0,0,0,0,5,E01016884,7,1,1,0,-1
2021471101722,2021,471101722,1,2,3,2,15,3,3,10,9,0,0,0,0,8,E01016985,3,1,0,1,-1
2021481146669,2021,481146669,1,1,3,2,25,5,2,9,5,0,0,0,0,-1,-1,7,1,1,0,-1
2021501028701,2021,501028701,1,1,3,2,39,7,3,4,1,0,0,0,0,2,E01020018,3,1,0,1,-1
2021501062628,2021,501062628,1,1,3,1,60,9,3,10,9,0,0,0,0,8,E01033338,3,1,0,1,-1
2021501094835,2021,501094835,1,1,3,2,55,8,3,10,9,0,0,0,0,4,E01019049,3,1,0,1,-1
2021501114322,2021,501114322,1,1,3,2,11,3,1,5,2,0,0,0,0,-1,-1,1,1,0,0,-1
2021520200221,2021,520200221,1,1,3,1,50,8,3,5,9,0,0,0,0,-1,-1,-1,0,0.38016,0.61984,-1
2021522103489,2021,522103489,1,1,3,1,25,5,3,6,9,0,0,0,0,-1,-1,-1,0,0.22768,0.77232,-1
2021522105810,2021,522105810,1,1,3,1,24,5,3,7,9,0,0,0,0,8,E01014442,-1,0,0.21089,0.78911,-1
2021531096821,2021,531096821,1,1,3,1,22,5,3,8,3,0,0,0,0,6,E01022211,3,1,0,1,-1
2021542828021,2021,542828021,1,1,3,2,12,3,2,4,1,0,0,0,0,3,E01015530,-1,0,1,0,-1
2021552101402,2021,552101402,1,1,3,1,77,11,2,4,3,0,0,0,0,5,E01020536,-1,0,1,0,-1
202160Z050244,2021,60Z050244,1,1,3,1,22,5,3,6,9,0,0,0,0,-1,-1,-1,0,0.15348,0.84652,-1
202160Z125941,2021,60Z125941,1,2,3,2,14,3,3,5,3,0,0,0,0,-1,-1,-1,0,0.04173,0.95827,-1
2021610012121,2021,610012121,1,2,3,1,14,3,3,5,3,0,0,0,0,-1,-1,-1,0,0.14685,0.85315,-1
2021622100756,2021,622100756,1,1,3,2,65,9,2,1,3,0,0,0,0,1,W01001881,-1,0,1,0,-1
2021991045648,2021,991045648,1,1,3,1,8,2,2,5,1,0,0,0,0,-1,-1,7,1,1,0,-1
2021991062238,2021,991062238,1,1,3,1,9,2,2,5,4,0,0,0,0,2,-1,7,1,1,0,-1
2021991073695,2021,991073695,1,1,3,1,58,9,2,9,5,0,0,0,0,-1,-1,6,1,1,0,-1
2021991100312,2021,991100312,1,1,3,1,74,10,3,1,1,0,0,0,0,10,-1,3,1,0,1,-1
2021991112926,2021,991112926,1,1,3,1,12,3,3,5,2,0,0,0,0,8,-1,3,1,0,1,-1
2021991189403,2021,991189403,1,1,3,2,54,8,3,10,9,0,0,0,0,2,-1,3,1,0,1,-1
2022010354789,2022,010354789,1,1,3,2,20,4,3,10,9,0,0,0,0,4,E01003212,-1,0,0,1,-1
2022010355257,2022,010355257,1,1,3,2,42,7,3,1,1,0,0,0,0,6,E01004218,-1,0,0,1,-1
2022010355810,2022,010355810,1,1,3,2,88,11,3,6,9,0,0,0,0,8,E01004051,-1,0,0,1,-1
2022010357798,2022,010357798,1,1,3,1,57,9,3,9,5,0,0,0,0,-1,-1,-1,0,0,1,-1
2022010358320,2022,010358320,1,1,3,1,30,6,3,6,9,0,0,0,0,1,E01002280,-1,0,0,1,-1
2022010358528,2022,010358528,1,1,3,1,5,1,2,8,2,0,0,0,0,3,E01002491,-1,0,1,0,-1
2022010359627,2022,010359627,1,1,3,1,11,3,3,10,9,0,0,0,0,4,E01002876,-1,0,0,1,-1
2022010360138,2022,010360138,1,1,3,1,18,4,3,1,9,0,0,0,0,6,E01002968,-1,0,0,1,-1
2022010361758,2022,010361758,1,1,3,1,62,9,3,1,1,0,0,0,0,4,E01016448,-1,0,0,1,-1
2022010364142,2022,010364142,1,1,3,1,30,6,3,5,9,0,0,0,0,1,E01001196,-1,0,0,1,-1
2022010365080,2022,010365080,1,2,3,1,63,9,2,1,1,0,0,0,0,4,E01002648,-1,0,1,0,-1
2022010366701,2022,010366701,1,2,3,2,50,8,3,5,3,0,0,0,0,1,E01004340,-1,0,0,1,-1
2022010373105,2022,010373105,1,1,3,1,48,8,3,1,3,0,0,0,0,3,E01001147,-1,0,0,1,-1
2022010373753,2022,010373753,1,1,3,2,20,4,3,1,1,0,0,0,0,2,E01002049,-1,0,0,1,-1
2022010377236,2022,010377236,1,2,3,1,54,8,3,4,2,0,0,0,0,1,E01003577,-1,0,0,1,-1
2022010379712,2022,010379712,1,1,3,1,-1,-1,3,10,9,0,0,0,0,2,E01001515,-1,0,0,1,-1
2022010388749,2022,010388749,1,1,3,2,39,7,3,1,1,0,0,0,0,3,E01004028,-1,0,0,1,-1
2022010394859,2022,010394859,1,1,3,2,1,1,3,6,9,0,0,0,0,2,E01002316,-1,0,0,1,-1
2022010395726,2022,010395726,1,2,3,2,25,5,3,8,5,0,0,0,0,-1,-1,-1,0,0,1,-1
2022010396627,2022,010396627,1,1,3,1,39,7,2,5,2,0,0,0,0,2,E01004004,-1,0,1,0,-1
2022010399958,2022,010399958,1,1,3,2,29,6,3,9,9,0,0,0,0,6,E01001270,-1,0,0,1,-1
2022010406239,2022,010406239,1,1,3,2,42,7,2,5,3,0,0,0,0,3,E01003552,-1,0,1,0,-1
2022010408053,2022,010408053,1,1,3,2,24,5,3,1,1,0,0,0,0,2,E01002077,-1,0,0,1,-1
2022010408376,2022,010408376,1,1,3,1,16,4,3,3,9,0,0,0,0,10,E01016534,-1,0,0,1,-1
2022010411123,2022,010411123,1,1,3,1,11,3,3,5,4,0,0,0,0,3,E01001156,-1,0,0,1,-1
2022010412275,2022,010412275,1,1,3,1,37,7,3,1,3,0,0,0,0,7,E01000986,-1,0,0,1,-1
2022010412918,2022,010412918,1,1,3,2,25,5,3,1,1,0,0,0,0,1,E01001210,-1,0,0,1,-1
2022010413729,2022,010413729,1,1,3,1,-1,-1,3,5,9,0,0,0,0,-1,-1,-1,0,0,1,-1
2022010414245,2022,010414245,1,1,3,2,27,6,3,10,9,0,0,0,0,2,E01000789,-1,0,0,1,-1
2022010418193,2022,010418193,1,1,3,1,79,11,3,5,9,0,0,0,0,5,E01001271,-1,0,0,1,-1
2022031167801,2022,031167801,1,1,3,1,30,6,3,5,1,0,0,0,0,-1,-1,3,1,0,1,-1
2022031191492,2022,031191492,1,1,3,1,14,3,3,5,1,0,0,0,0,5,E01019286,3,1,0,1,-1
2022031201799,2022,031201799,1,1,3,1,69,10,3,8,1,0,0,0,0,-1,-1,3,1,0,1,-1
2022041127918,2022,041127918,1,3,3,2,2,1,3,6,9,0,0,0,0,9,E01025277,3,1,0,1,-1
2022041180923,2022,041180923,1,1,3,2,18,4,3,6,7,0,0,0,0,6,E01006317,3,1,0,1,-1
2022041189279,2022,041189279,1,1,3,1,7,2,3,10,1,0,0,0,0,4,E01025394,3,1,0,1,-1
2022041213927,2022,041213927,1,1,3,2,61,9,3,6,8,0,0,0,0,6,E01025202,3,1,0,1,-1
2022041223765,2022,041223765,1,1,3,2,14,3,2,5,1,0,0,0,0,9,E01024956,7,1,1,0,-1
2022041238567,2022,041238567,1,1,3,1,7,2,3,8,9,0,0,0,0,1,E01025218,3,1,0,1,-1
2022041253651,2022,041253651,1,1,3,2,30,6,3,1,1,0,0,0,0,5,E01025541,3,1,0,1,-1
2022052202556,2022,052202556,1,1,3,1,40,7,3,5,9,0,0,0,0,5,E01006557,-1,0,0.07065,0.92935,-1
2022052202683,2022,052202683,1,1,3,1,20,4,3,5,1,0,0,0,0,2,E01006751,-1,0,0.1149,0.8851,-1
2022052202781,2022,052202781,1,1,3,1,48,8,3,6,9,0,0,0,0,-1,-1,-1,0,0.08309,0.91691,-1
2022052203104,2022,052203104,1,1,3,2,48,8,3,10,9,0,0,0,0,3,E01032505,-1,0,0.09927,0.90073,-1
2022061163918,2022,061163918,1,1,3,1,46,8,2,4,1,0,0,0,0,2,E01005471,7,1,1,0,-1
2022061165625,2022,061165625,1,1,3,2,25,5,3,6,9,0,0,2,0,2,E01005960,3,1,0,1,-1
2022061189058,2022,061189058,1,1,3,2,38,7,3,1,9,0,0,0,0,1,E01005434,3,1,0,1,-1
2022061210912,2022,061210912,1,1,3,1,27,6,2,1,1,0,0,0,0,-1,-1,7,1,1,0,-1
2022061239001,2022,061239001,1,1,3,2,81,11,1,1,3,0,0,0,0,8,E01006018,1,1,0,0,-1
2022061258959,2022,061258959,1,1,3,1,25,5,3,6,9,0,0,0,0,1,E01010620,3,1,0,1,-1
2022070056665,2022,070056665,1,1,3,1,34,6,2,5,1,0,0,0,0,3,E01018423,-1,0,1,0,-1
2022070074311,2022,070074311,1,1,3,2,44,7,3,10,9,0,0,0,0,2,E01012506,-1,0,0.12234,0.87766,-1
2022101192542,2022,101192542,1,1,3,2,27,6,3,5,3,0,0,0,0,10,E01027458,3,1,0,1,-1
2022101225421,2022,101225421,1,1,3,1,11,3,3,8,3,0,0,0,0,5,E01008265,3,1,0,1,-1
2022101247063,2022,101247063,1,1,3,1,29,6,3,5,3,0,0,0,0,1,E01008340,3,1,0,1,-1
2022111140367,2022,111140367,1,1,3,2,18,4,3,5,1,0,0,0,0,-1,-1,3,1,0,1,-1
2022122200393,2022,122200393,1,1,3,1,20,4,3,9,9,0,0,0,0,9,E01027708,-1,0,0.1038,0.8962,-1
2022122200646,2022,122200646,1,1,3,1,-1,-1,3,5,9,0,0,0,0,-1,-1,-1,0,0.03706,0.96294,-1
2022122200904,2022,122200904,1,1,3,2,18,4,3,10,9,0,0,0,0,10,E01013433,-1,0,0.08105,0.91895,-1
2022122201457,2022,122201457,1,1,3,1,91,11,3,5,3,0,0,0,0,6,E01027881,-1,0,0.17869,0.82131,-1
2022122300027,2022,122300027,1,1,3,2,50,8,3,6,8,0,0,0,0,6,E01027742,-1,0,0.02556,0.97444,-1
2022131139193,2022,131139193,1,1,3,1,11,3,2,5,2,0,0,2,0,1,E01010824,7,1,1,0,-1
2022131139953,2022,131139953,1,1,3,1,41,7,3,5,3,0,0,2,0,8,E01011459,3,1,0,1,-1
2022131146192,2022,131146192,1,1,3,2,9,2,2,8,1,0,0,2,0,1,E01010680,7,1,1,0,-1
2022131150405,2022,131150405,1,1,3,1,29,6,3,4,3,0,0,2,0,1,E01010730,3,1,0,1,-1
2022131179884,2022,131179884,1,1,3,1,12,3,2,1,1,0,0,2,0,6,E01011076,7,1,1,0,-1
2022131192145,2022,131192145,1,1,3,2,42,7,2,8,7,0,0,1,0,7,E01019634,7,1,1,0,-1
2022131201162,2022,131201162,1,1,3,1,48,8,3,5,1,0,0,1,0,1,E01010663,3,1,0,1,-1
2022131222699,2022,131222699,1,1,3,1,29,6,3,9,9,0,0,-1,0,-1,-1,3,1,0,1,-1
2022131229816,2022,131229816,1,1,3,1,11,3,3,10,1,0,0,2,0,2,E01011126,3,1,0,1,-1
2022131234058,2022,131234058,1,1,3,1,58,9,2,8,7,0,0,2,0,5,E01011749,7,1,1,0,-1
2022131255830,2022,131255830,1,1,3,1,7,2,2,9,7,0,0,2,0,3,E01011014,7,1,1,0,-1
2022141223348,2022,141223348,1,2,3,2,35,6,3,10,9,0,0,0,0,-1,-1,3,1,0,1,-1
2022161195827,2022,161195827,1,1,3,2,8,2,2,4,3,0,0,2,0,3,E01012943,7,1,1,0,-1
2022161205273,2022,161205273,1,1,3,1,55,8,3,1,3,0,0,0,0,1,E01012859,3,1,0,1,-1
2022170M11342,2022,170M11342,1,1,3,1,17,4,2,5,2,0,0,0,0,-1,-1,-1,0,1,0,-1
2022201261472,2022,201261472,1,1,3,2,29,6,3,1,3,0,0,2,0,4,E01009715,3,1,0,1,-1
2022201276915,2022,201276915,1,1,3,2,33,6,3,5,3,0,0,2,0,1,E01009047,3,1,0,1,-1
2022221188027,2022,221188027,1,1,3,1,13,3,2,5,1,0,0,0,0,1,E01014200,7,1,1,0,-1
2022231227351,2022,231227351,1,1,3,1,48,8,3,9,5,0,0,2,0,7,E01031164,3,1,0,1,-1
2022302201580,2022,302201580,1,1,3,2,33,6,3,9,5,0,0,0,0,5,E01029795,-1,0,0.02673,0.97327,-1
2022311153118,2022,311153118,1,1,3,1,43,7,3,4,1,0,0,0,0,9,E01028419,3,1,0,1,-1
2022332200070,2022,332200070,1,1,3,1,80,11,3,5,1,0,0,0,0,8,E01025640,-1,0,0.08487,0.91513,-1
2022332200435,2022,332200435,1,1,3,2,29,6,3,1,3,0,0,0,0,-1,-1,-1,0,0.06207,0.93793,-1
202234WNC6822,2022,34WNC6822,1,1,3,1,30,6,3,5,3,0,0,0,0,-1,-1,-1,0,0,1,-1
2022351171288,2022,351171288,1,1,3,2,38,7,3,5,3,0,0,0,0,8,E01017987,3,1,0,1,-1
2022351209695,2022,351209695,1,1,3,2,30,6,3,6,9,0,0,0,0,3,E01017977,3,1,0,1,-1
2022361200632,2022,361200632,1,1,3,2,21,5,3,5,2,0,0,0,0,7,E01033540,3,1,0,1,-1
2022361218715,2022,361218715,1,1,3,1,73,10,2,9,9,0,0,0,0,7,E01026579,6,1,1,0,-1
2022361270885,2022,361270885,1,1,3,1,15,3,3,6,9,0,0,0,0,4,E01026458,3,1,0,1,-1
2022371250381,2022,371250381,1,1,3,1,59,9,2,9,9,0,0,0,0,5,E01030093,7,1,1,0,-1
2022401209161,2022,401209161,1,1,3,1,10,2,2,1,1,0,0,0,0,1,E01015732,7,1,1,0,-1
2022411232221,2022,411232221,1,1,3,2,86,11,2,5,3,0,0,0,0,7,E01023795,7,1,1,0,-1
2022421186096,2022,421186096,1,1,3,2,-1,-1,3,6,9,0,0,0,0,10,E01021941,3,1,0,1,-1
2022421263149,2022,421263149,1,1,3,2,76,11,2,5,1,0,0,0,0,4,E01021812,7,1,1,0,-1
2022430524059,2022,430524059,1,1,3,1,53,8,3,5,1,0,0,0,0,10,E01016796,-1,0,0.02219,0.97781,-1
2022440320770,2022,440320770,1,1,3,2,52,8,2,6,5,0,0,0,0,3,E01017080,-1,0,0.90522,0.09478,-1
2022440407616,2022,440407616,1,1,3,2,14,3,2,9,8,0,0,0,0,-1,-1,-1,0,0.91594,0.08406,-1
2022440505639,2022,440505639,1,1,3,1,49,8,3,9,9,0,0,0,0,10,E01022476,-1,0,0,1,-1
2022451219990,2022,451219990,1,1,3,2,48,8,3,1,1,0,0,0,0,8,E01030928,3,1,0,1,-1
2022461134032,2022,461134032,1,1,3,1,39,7,3,1,3,0,0,0,0,8,E01024158,3,1,0,1,-1
2022461151707,2022,461151707,1,1,3,2,-1,-1,2,10,9,0,0,0,0,7,E01024635,7,1,1,0,-1
2022461172651,2022,461172651,1,1,3,1,11,3,3,10,9,0,0,0,0,-1,-1,3,1,0,1,-1
2022461228068,2022,461228068,1,1,3,1,20,4,1,8,7,0,0,0,0,9,E01024785,1,1,0,0,-1
2022471161025,2022,471161025,1,1,3,2,23,5,3,5,1,0,0,0,0,2,E01021020,3,1,0,1,-1
2022471166965,2022,471166965,1,1,3,2,17,4,3,10,1,0,0,0,0,3,E01032832,3,1,0,1,-1
2022471171869,2022,471171869,1,1,3,1,13,3,3,5,9,0,0,0,0,10,E01031804,3,1,0,1,-1
2022471188924,2022,471188924,1,1,3,2,16,4,3,9,7,0,0,0,0,5,E01031585,3,1,0,1,-1
2022501159817,2022,501159817,1,1,3,2,59,9,3,6,7,0,0,0,0,5,E01019032,3,1,0,1,-1
2022501182134,2022,501182134,1,1,3,2,48,8,3,6,8,0,0,0,0,3,E01018838,3,1,0,1,-1
2022501198041,2022,501198041,1,1,3,1,42,7,3,5,1,0,0,0,0,4,E01020135,3,1,0,1,-1
2022501218165,2022,501218165,1,1,3,1,14,3,3,5,4,0,0,0,0,1,E01015075,3,1,0,1,-1
2022501256881,2022,501256881,1,1,3,1,40,7,3,9,9,0,0,2,0,2,E01018797,3,1,0,1,-1
2022520200238,2022,520200238,1,2,3,1,40,7,3,6,9,0,0,0,0,-1,-1,-1,0,0.15421,0.84579,-1
2022520204464,2022,520204464,1,1,3,2,46,8,3,5,9,0,0,0,0,10,E01029303,-1,0,0.18098,0.81902,-1
2022522201181,2022,522201181,1,1,3,1,60,9,3,5,9,0,0,0,0,1,E01014486,-1,0,0.23749,0.76251,-1
2022522203759,2022,522203759,1,1,3,1,30,6,3,5,1,0,0,0,0,7,E01014701,-1,0,0.15976,0.84024,-1
2022531214276,2022,531214276,1,1,3,1,15,3,2,8,7,0,0,0,0,6,E01022260,7,1,1,0,-1
2022552200659,2022,552200659,1,1,3,2,77,11,3,5,1,0,0,0,0,9,E01020532,-1,0,0.11509,0.88491,-1
2022610008122,2022,610008122,1,1,3,1,56,9,2,5,1,0,0,0,0,3,W01001435,-1,0,1,0,-1
2022610039822,2022,610039822,1,2,3,1,28,6,3,5,1,0,0,0,0,5,E01003110,-1,0,0.08942,0.91058,-1
2022622200689,2022,622200689,1,1,3,1,34,6,3,5,3,0,0,0,0,1,W01001741,-1,0,0.08296,0.91704,-1
2022622200803,2022,622200803,1,1,3,2,16,4,3,5,9,0,0,0,0,2,W01000801,-1,0,0.05223,0.94777,-1
202263B025322,2022,63B025322,1,1,3,2,91,11,2,6,8,0,0,0,0,4,W01000646,-1,0,1,0,-1
202263B083522,2022,63B083522,1,1,3,1,35,6,3,9,5,0,0,0,0,8,W01000877,-1,0,0.15683,0.84317,-1
202263D038622,2022,63D038622,1,3,3,1,6,2,2,6,9,0,0,0,0,6,W01000500,-1,0,1,0,-1
2022991167576,2022,991167576,1,1,3,1,52,8,3,1,3,0,0,0,0,4,-1,3,1,0,1,-1
2022991178215,2022,991178215,1,1,3,1,25,5,2,5,1,0,0,0,0,5,-1,7,1,1,0,-1
2022991200401,2022,991200401,1,1,3,1,38,7,2,10,5,0,0,0,0,1,-1,7,1,1,0,-1
2022991220260,2022,991220260,1,1,3,2,64,9,2,4,9,0,0,0,0,3,-1,6,1,1,0,-1
2023010422062,2023,010422062,1,1,3,2,19,4,2,1,3,0,0,0,0,4,E01000406,-1,0,1,0,-1
2023010423546,2023,010423546,1,1,3,1,56,9,3,1,1,0,0,0,0,5,E01033573,-1,0,0,1,-1
2023010424314,2023,010424314,1,1,3,2,15,3,2,6,9,0,0,0,0,3,E01000511,-1,0,1,0,-1
2023010425000,2023,010425000,1,1,3,1,79,11,2,5,1,0,0,0,0,8,E01002495,-1,0,1,0,-1
2023010425759,2023,010425759,1,1,3,1,10,2,3,5,3,0,0,0,0,4,E01001194,-1,0,0,1,-1
2023010426275,2023,010426275,1,1,3,1,10,2,3,5,3,0,0,0,0,5,E01000593,-1,0,0,1,-1
2023010429660,2023,010429660,1,1,3,-1,-1,-1,3,10,9,0,0,0,0,2,E01002697,-1,0,0,1,-1
2023010430997,2023,010430997,1,2,3,2,19,4,3,1,3,0,0,0,0,6,E01003936,-1,0,0,1,-1
2023010432301,2023,010432301,1,1,3,1,29,6,3,1,3,0,0,0,0,2,E01003983,-1,0,0,1,-1
2023010436095,2023,010436095,1,1,3,1,73,10,2,5,1,0,0,0,0,4,E01003354,-1,0,1,0,-1
2023010436666,2023,010436666,1,1,3,2,30,6,3,5,3,0,0,0,0,6,E01003429,-1,0,0,1,-1
2023010441171,2023,010441171,1,1,3,2,12,3,3,1,3,0,0,0,0,2,E01003082,-1,0,0,1,-1
2023010448652,2023,010448652,1,1,3,1,64,9,3,8,1,0,0,0,0,3,E01001391,-1,0,0,1,-1
2023010449724,2023,010449724,1,1,3,1,58,9,3,1,1,0,0,0,0,4,E01002744,-1,0,0,1,-1
2023010451912,2023,010451912,1,1,3,2,34,6,2,1,3,0,0,0,0,9,E01013594,-1,0,1,0,-1
2023010452496,2023,010452496,1,1,3,1,32,6,3,5,9,0,0,0,0,-1,-1,-1,0,0,1,-1
2023010457265,2023,010457265,1,1,3,2,62,9,3,10,9,0,0,0,0,7,E01004473,-1,0,0,1,-1
2023010460828,2023,010460828,1,1,3,2,25,5,3,5,1,0,0,0,0,-1,-1,-1,0,0,1,-1
2023010465611,2023,010465611,1,1,3,2,8,2,3,9,9,0,0,0,0,3,E01003548,-1,0,0,1,-1
2023010466172,2023,010466172,1,1,3,1,-1,-1,3,10,9,0,0,0,0,-1,-1,-1,0,0,1,-1
2023010469091,2023,010469091,1,1,3,1,59,9,3,4,3,0,0,0,0,4,E01001090,-1,0,0,1,-1
2023010473325,2023,010473325,1,2,3,2,25,5,3,10,9,0,0,0,0,3,E01003531,-1,0,0,1,-1
2023010474081,2023,010474081,1,1,3,1,67,10,3,2,1,0,0,0,0,3,E01001768,-1,0,0,1,-1
2023010477384,2023,010477384,1,2,3,2,5,1,3,1,1,0,0,0,0,2,E01002829,-1,0,0,1,-1
2023010478970,2023,010478970,1,1,3,2,27,6,2,5,3,0,0,0,0,5,E01001293,-1,0,1,0,-1
2023010479454,2023,010479454,1,1,3,2,47,8,2,5,1,0,0,0,0,6,E01003469,-1,0,1,0,-1
2023010479772,2023,010479772,1,1,3,1,5,1,3,5,3,0,0,0,0,1,E01004256,-1,0,0,1,-1
2023010480720,2023,010480720,1,1,3,1,50,8,3,6,9,0,0,0,0,7,E01002329,-1,0,0,1,-1
2023010481326,2023,010481326,1,1,3,1,31,6,2,10,9,0,0,0,0,4,E01003178,-1,0,1,0,-1
2023010481397,2023,010481397,1,1,3,1,85,11,3,4,1,0,0,0,0,8,E01002383,-1,0,0,1,-1
2023010481908,2023,010481908,1,1,3,1,70,10,3,1,1,0,0,0,0,8,E01001044,-1,0,0,1,-1
2023010484448,2023,010484448,1,1,3,1,63,9,3,5,1,0,0,0,0,1,E01033207,-1,0,0,1,-1
2023031293156,2023,031293156,1,1,3,1,64,9,2,1,3,0,0,0,0,-1,-1,6,1,1,0,-1
2023031392585,2023,031392585,1,1,3,2,26,6,3,8,1,0,0,-1,0,1,E01019157,3,1,0,1,-1
2023041274935,2023,041274935,2,1,3,1,53,8,2,9,5,0,0,0,0,4,E01024896,7,1,1,0,-1
2023041283686,2023,041283686,1,1,3,2,12,3,2,5,1,0,0,0,0,4,E01025309,7,1,1,0,-1
2023041295023,2023,041295023,1,1,3,1,14,3,2,8,1,0,0,2,0,3,E01024883,7,1,1,0,-1
2023041299407,2023,041299407,1,1,3,2,17,4,3,8,3,0,0,0,0,2,E01025292,3,1,0,1,-1
2023041342025,2023,041342025,1,1,3,1,73,10,2,8,7,0,0,0,0,2,E01025115,7,1,1,0,-1
2023041351762,2023,041351762,1,1,3,1,11,3,2,5,1,0,0,0,0,1,E01012637,7,1,1,0,-1
2023052300040,2023,052300040,1,1,3,1,76,11,3,4,1,0,0,0,0,1,E01006556,-1,0,0.19434,0.80566,-1
2023052300219,2023,052300219,1,1,3,2,20,4,3,5,9,0,0,0,0,2,E01006751,-1,0,0.058,0.942,-1
2023052300785,2023,052300785,1,1,3,2,46,8,3,4,1,0,0,0,0,2,E01006710,-1,0,0.13005,0.86995,-1
2023052301815,2023,052301815,1,1,3,1,4,1,2,1,1,0,0,0,0,-1,-1,-1,0,1,0,-1
2023052302887,2023,052302887,1,1,3,2,70,10,3,5,3,0,0,0,0,1,E01006790,-1,0,0.17259,0.82741,-1
2023052303026,2023,052303026,1,1,3,2,39,7,2,-1,-1,0,0,0,0,-1,-1,-1,0,1,0,-1
2023061287429,2023,061287429,1,1,3,1,38,7,3,6,9,0,0,2,0,1,E01006336,3,1,0,1,-1
2023061306448,2023,061306448,1,2,3,2,53,8,2,6,9,0,0,0,0,1,E01005235,7,1,1,0,-1
2023061313552,2023,061313552,1,1,3,1,5,1,2,6,9,0,0,0,0,-1,-1,5,1,1,0,-1
2023061373453,2023,061373453,1,1,3,2,44,7,3,5,3,0,0,0,0,5,E01004975,3,1,0,1,-1
2023061380651,2023,061380651,1,1,3,2,55,8,3,5,1,0,0,0,0,1,E01024858,3,1,0,1,-1
2023061386038,2023,061386038,1,1,3,1,77,11,3,5,3,0,0,0,0,2,E01006262,3,1,0,1,-1
2023101286632,2023,101286632,1,1,3,1,37,7,2,1,1,0,0,0,0,1,E01008223,7,1,1,0,-1
2023101287970,2023,101287970,1,1,3,1,27,6,3,5,1,0,0,0,0,1,E01027527,3,1,0,1,-1
2023101317358,2023,101317358,1,1,3,1,29,6,3,9,5,0,0,0,0,-1,-1,3,1,0,1,-1
2023101362251,2023,101362251,1,1,3,1,24,5,3,9,5,0,0,0,0,1,E01008544,3,1,0,1,-1
2023101366014,2023,101366014,1,1,3,2,-1,-1,3,6,9,0,0,2,0,-1,-1,3,1,0,1,-1
2023101384394,2023,101384394,1,2,3,1,62,9,3,5,3,0,0,0,0,10,E01008270,3,1,0,1,-1
2023101415696,2023,101415696,1,1,3,1,55,8,2,5,3,0,0,0,0,-1,-1,7,1,1,0,-1
2023111296561,2023,111296561,1,2,3,1,71,10,3,9,5,0,0,0,0,1,E01020909,3,1,0,1,-1
2023122300390,2023,122300390,1,1,3,1,18,4,3,9,9,0,0,0,0,9,E01027913,-1,0,0.07323,0.92677,-1
2023122300490,2023,122300490,1,1,3,2,11,3,3,4,1,0,0,0,0,6,E01027659,-1,0,0.06334,0.93666,-1
2023131259244,2023,131259244,1,1,3,2,33,6,3,10,9,0,0,1,0,8,E01011118,3,1,0,1,-1
2023131259268,2023,131259268,1,1,3,1,81,11,3,10,5,0,0,2,0,1,E01011916,3,1,0,1,-1
2023131271599,2023,131271599,1,1,3,1,58,9,2,10,9,0,0,-1,0,2,E01010722,7,1,1,0,-1
2023131302261,2023,131302261,1,1,3,1,52,8,3,10,1,0,0,1,0,3,E01032923,3,1,0,1,-1
2023131308605,2023,131308605,1,1,3,2,19,4,2,4,1,0,0,2,0,1,E01010830,7,1,1,0,-1
2023131320741,2023,131320741,1,1,3,2,19,4,3,5,1,0,0,2,0,2,E01011253,3,1,0,1,-1
2023131366537,2023,131366537,1,1,3,1,12,3,3,8,3,0,0,2,0,5,E01011921,3,1,0,1,-1
2023131385718,2023,131385718,2,1,3,2,76,11,2,9,5,0,0,-1,0,10,E01011554,5,1,1,0,-1
2023131390309,2023,131390309,1,1,3,2,51,8,3,10,9,0,0,2,0,2,E01011926,3,1,0,1,-1
2023141291081,2023,141291081,1,1,3,1,3,1,2,5,1,0,0,0,0,-1,-1,7,1,1,0,-1
2023141292616,2023,141292616,1,1,3,1,40,7,2,1,1,0,0,0,0,-1,-1,7,1,1,0,-1
2023141306030,2023,141306030,1,1,3,1,12,3,2,5,9,0,0,0,0,-1,-1,7,1,1,0,-1
2023141321539,2023,141321539,1,1,3,2,19,4,2,5,9,0,0,0,0,1,E01007766,7,1,1,0,-1
2023141338304,2023,141338304,1,1,3,1,59,9,3,6,9,0,0,0,0,9,E01007425,3,1,0,1,-1
2023170S10023,2023,170S10023,1,1,3,2,70,10,3,5,1,0,0,0,0,-1,-1,-1,0,0.11717,0.88283,-1
2023170S10323,2023,170S10323,1,1,3,1,46,8,2,6,7,0,0,0,0,-1,-1,-1,0,1,0,-1
2023170S12113,2023,170S12113,1,1,3,2,75,10,2,4,1,0,0,0,0,10,E01028354,-1,0,1,0,-1
2023201287463,2023,201287463,1,1,3,1,45,7,3,9,5,0,0,2,0,7,E01009613,3,1,0,1,-1
2023201292351,2023,201292351,1,1,3,1,54,8,3,9,8,0,0,0,0,2,E01010476,3,1,0,1,-1
2023201296135,2023,201296135,1,1,3,2,57,9,3,9,7,0,0,2,0,-1,-1,3,1,0,1,-1
2023201323081,2023,201323081,1,1,3,1,42,7,3,5,3,0,0,2,0,1,E01010103,3,1,0,1,-1
2023201353897,2023,201353897,1,1,3,1,11,3,3,5,2,0,0,0,0,1,E01009298,3,1,0,1,-1
2023201361963,2023,201361963,1,1,3,1,75,10,3,1,3,0,0,0,0,2,E01010446,3,1,0,1,-1
2023201371060,2023,201371060,1,2,3,1,34,6,3,9,5,0,0,2,0,3,E01009256,3,1,0,1,-1
2023201381439,2023,201381439,1,1,3,1,34,6,3,5,1,0,0,2,0,1,E01009572,3,1,0,1,-1
2023201409830,2023,201409830,1,1,3,1,85,11,3,5,2,0,0,0,0,1,E01010103,3,1,0,1,-1
2023201431398,2023,201431398,1,1,3,2,54,8,2,7,5,0,0,0,0,2,E01010309,7,1,1,0,-1
2023221275915,2023,221275915,1,1,3,2,14,3,3,5,2,0,0,0,0,10,E01032135,3,1,0,1,-1
2023221393810,2023,221393810,1,1,3,1,48,8,3,1,3,0,0,0,0,10,E01032230,3,1,0,1,-1
2023231288966,2023,231288966,1,1,3,2,12,3,3,5,9,0,0,0,0,3,E01031047,3,1,0,1,-1
2023231376489,2023,231376489,1,1,3,2,14,3,3,5,1,0,0,0,0,10,E01031134,3,1,0,1,-1
2023302300424,2023,302300424,1,1,3,1,9,2,3,5,1,0,0,0,0,8,E01013593,-1,0,0.02953,0.97047,-1
2023302300959,2023,302300959,1,5,3,-1,22,5,2,6,9,0,0,0,0,4,E01019742,-1,0,1,0,-1
2023311278122,2023,311278122,1,1,3,2,12,3,3,9,5,0,0,0,0,3,E01013873,3,1,0,1,-1
2023311382589,2023,311382589,1,1,3,1,40,7,2,9,5,0,0,0,0,5,E01028142,7,1,1,0,-1
2023311383969,2023,311383969,1,1,3,1,36,7,2,5,9,0,0,0,0,1,E01033399,5,1,1,0,-1
2023320269847,2023,320269847,1,1,3,2,11,3,3,8,3,0,0,0,0,7,E01026051,-1,0,0.10724,0.89276,-1
2023332300111,2023,332300111,1,1,3,2,21,5,3,5,3,0,0,0,0,3,E01032868,-1,0,0.05329,0.94671,-1
2023332301013,2023,332301013,1,1,3,1,56,9,2,1,3,0,0,0,0,8,E01025643,-1,0,1,0,-1
2023340NN2822,2023,340NN2822,1,1,3,1,20,4,2,6,9,0,0,0,0,-1,-1,-1,0,0.77144,0.22856,-1
2023340WN6902,2023,340WN6902,1,1,3,2,16,4,3,8,1,0,0,0,0,-1,-1,-1,0,0,1,-1
2023351276423,2023,351276423,1,1,3,1,23,5,2,9,5,0,0,0,0,-1,-1,7,1,1,0,-1
2023351320378,2023,351320378,1,1,3,2,49,8,3,6,9,0,0,0,0,8,E01018021,3,1,0,1,-1
2023351349472,2023,351349472,1,1,3,2,12,3,3,5,4,0,0,0,0,2,E01015612,3,1,0,1,-1
2023361271379,2023,361271379,1,2,3,2,31,6,3,5,9,0,0,-1,0,4,E01026806,3,1,0,1,-1
2023371317494,2023,371317494,1,1,3,2,13,3,3,6,3,0,0,-1,0,5,E01021414,3,1,0,1,-1
2023371325372,2023,371325372,1,1,3,1,30,6,3,9,9,0,0,1,0,7,E01030184,3,1,0,1,-1
2023371378739,2023,371378739,1,1,3,1,52,8,2,1,9,0,0,0,0,-1,-1,5,1,1,0,-1
2023401389632,2023,401389632,1,1,3,1,46,8,2,9,5,0,0,0,0,1,E01028173,7,1,1,0,-1
2023411263908,2023,411263908,1,1,3,2,62,9,3,9,5,0,0,0,0,9,E01023525,3,1,0,1,-1
2023411306174,2023,411306174,1,1,3,2,51,8,2,5,1,0,0,0,0,10,E01023289,7,1,1,0,-1
2023411355149,2023,411355149,1,1,3,2,16,4,3,6,9,0,0,0,0,10,E01017442,3,1,0,1,-1
2023411364197,2023,411364197,1,1,3,1,55,8,3,1,4,0,0,0,0,6,E01023390,3,1,0,1,-1
2023411390921,2023,411390921,1,1,3,1,85,11,3,5,9,0,0,0,0,3,E01021303,3,1,0,1,-1
2023411402131,2023,411402131,1,3,3,1,29,6,3,10,9,0,0,0,0,-1,-1,3,1,0,1,-1
2023421286258,2023,421286258,1,1,3,1,12,3,3,6,9,0,0,0,0,7,E01021511,3,1,0,1,-1
2023421344926,2023,421344926,1,1,3,2,18,4,3,1,1,0,0,0,0,1,E01021970,3,1,0,1,-1
2023421362342,2023,421362342,1,2,3,2,60,9,3,5,3,0,0,0,0,6,E01015826,3,1,0,1,-1
2023421370160,2023,421370160,1,1,3,1,23,5,3,5,1,0,0,0,0,4,E01021863,3,1,0,1,-1
2023421377698,2023,421377698,1,1,3,1,70,10,3,5,3,0,0,0,0,3,E01022055,3,1,0,1,-1
2023421388577,2023,421388577,1,1,3,1,10,2,3,9,5,0,0,0,0,3,E01021888,3,1,0,1,-1
2023430356676,2023,430356676,1,2,3,1,4,1,2,5,1,0,0,0,0,5,E01016212,-1,0,1,0,-1
2023430515739,2023,430515739,1,1,3,1,51,8,3,5,3,0,0,0,0,2,E01016463,-1,0,0.02386,0.97614,-1
2023440043774,2023,440043774,1,1,3,1,14,3,3,9,7,0,0,0,0,7,E01017047,-1,0,0,1,-1
2023440062265,2023,440062265,1,1,3,1,50,8,3,5,3,0,0,0,0,4,E01017295,-1,0,0,1,-1
2023440323899,2023,440323899,1,1,3,1,82,11,2,5,1,0,0,0,0,5,E01023061,-1,0,0.95831,0.04169,-1
2023440343162,2023,440343162,1,1,3,2,88,11,2,8,1,0,0,0,0,10,E01023043,-1,0,0.95111,0.04889,-1
2023451291519,2023,451291519,1,1,3,1,25,5,2,6,9,0,0,2,0,-1,-1,5,1,1,0,-1
2023451384168,2023,451384168,1,1,3,2,19,4,2,9,7,0,0,0,0,9,E01030672,7,1,1,0,-1
2023461294251,2023,461294251,1,1,3,1,25,5,3,9,5,0,0,0,0,6,E01024021,3,1,0,1,-1
2023461309102,2023,461309102,1,1,3,2,26,6,3,9,5,0,0,0,0,3,E01032830,3,1,0,1,-1
2023461356329,2023,461356329,1,1,3,1,39,7,2,1,1,0,0,0,0,9,E01024116,7,1,1,0,-1
2023461377742,2023,461377742,1,1,3,2,66,10,3,5,3,0,0,0,0,10,E01024426,3,1,0,1,-1
2023461380957,2023,461380957,1,1,3,2,70,10,3,5,7,0,0,0,0,4,E01024539,3,1,0,1,-1
2023471266483,2023,471266483,1,2,3,1,72,10,2,1,3,0,0,0,0,7,E01031349,7,1,1,0,-1
2023471293658,2023,471293658,1,1,3,1,-1,-1,3,5,2,0,0,0,0,-1,-1,3,1,0,1,-1
2023471306943,2023,471306943,1,1,3,2,30,6,3,9,9,0,0,2,0,7,E01031357,3,1,0,1,-1
2023471338577,2023,471338577,1,1,3,1,44,7,3,5,3,0,0,1,0,3,E01016921,3,1,0,1,-1
2023471353970,2023,471353970,1,1,3,2,49,8,3,5,1,0,0,0,0,4,E01031836,3,1,0,1,-1
2023501271769,2023,501271769,1,1,3,2,73,10,2,5,8,0,0,0,0,4,E01018955,7,1,1,0,-1
2023501362016,2023,501362016,1,1,3,2,55,8,3,9,9,0,0,0,0,10,E01010387,3,1,0,1,-1
2023520401017,2023,520401017,1,1,3,1,5,1,3,5,3,0,0,0,0,9,E01029273,-1,0,0.24523,0.75477,-1
2023522300917,2023,522300917,1,1,3,2,12,3,3,1,4,0,0,0,0,3,E01014515,-1,0,0.24664,0.75336,-1
2023546465123,2023,546465123,1,1,3,2,66,10,3,6,9,0,0,0,0,6,E01032004,-1,0,0.0581,0.9419,-1
2023552300117,2023,552300117,1,1,3,2,13,3,3,5,2,0,0,0,0,8,E01015320,-1,0,0.07295,0.92705,-1
2023552300850,2023,552300850,1,1,3,1,13,3,2,5,2,0,0,0,0,6,E01015358,-1,0,1,0,-1
202360A076803,2023,60A076803,1,1,3,1,12,3,3,1,3,0,0,0,0,-1,-1,-1,0,0.10726,0.89274,-1
202360A107106,2023,60A107106,3,2,3,1,45,7,3,8,5,0,0,0,0,-1,-1,-1,0,0.18935,0.81065,-1
202360A140739,2023,60A140739,1,1,3,2,75,10,2,5,1,0,0,0,0,-1,-1,-1,0,1,0,-1
202360A169165,2023,60A169165,1,3,3,1,45,7,1,5,3,0,0,0,0,-1,-1,-1,0,0,0,-1
202360A185035,2023,60A185035,1,1,3,1,95,11,3,10,1,0,0,0,0,-1,-1,-1,0,0.21922,0.78078,-1
2023610008623,2023,610008623,1,1,3,1,59,9,2,8,1,0,0,0,0,5,W01001412,-1,0,1,0,-1
2023610029723,2023,610029723,1,1,3,2,14,3,3,6,9,0,0,0,0,3,W01001336,-1,0,0.08027,0.91973,-1
2023622300197,2023,622300197,1,1,3,2,60,9,3,9,9,0,0,0,0,6,W01001147,-1,0,0.08309,0.91691,-1
2023622300379,2023,622300379,1,1,3,2,82,11,3,5,2,0,0,0,0,2,W01001942,-1,0,0.13627,0.86373,-1
2023631362769,2023,631362769,1,1,3,1,30,6,3,5,9,0,0,2,0,4,W01000841,3,1,0,1,-1
2023991263137,2023,991263137,1,1,3,2,13,3,3,4,3,0,0,0,0,9,-1,3,1,0,1,-1
2023991271362,2023,991271362,1,1,3,1,10,2,2,4,3,0,0,0,0,-1,-1,7,1,1,0,-1
2023991283666,2023,991283666,1,1,3,2,69,10,2,6,9,0,0,0,0,9,-1,7,1,1,0,-1
2023991313073,2023,991313073,1,1,3,1,14,3,3,5,2,0,0,0,0,4,-1,3,1,0,1,-1
2023991314613,2023,991314613,1,1,3,2,91,11,2,1,1,0,0,2,0,3,-1,7,1,1,0,-1
2023991322161,2023,991322161,1,2,3,2,27,6,3,1,3,0,0,0,0,-1,-1,3,1,0,1,-1
2023991373144,2023,991373144,1,1,3,1,32,6,3,5,3,0,0,0,0,5,-1,3,1,0,1,-1
2024010489715,2024,010489715,1,1,3,2,35,6,3,9,6,0,0,0,0,9,E01030731,3,1,0,1,2
2024010491396,2024,010491396,1,1,3,2,14,3,2,6,9,0,0,0,0,3,E01034146,5,1,1,0,1
2024010492070,2024,010492070,1,1,3,2,77,11,3,6,9,0,0,0,0,3,E01004126,3,1,0,1,3
2024010493316,2024,010493316,1,1,3,1,20,4,3,8,4,0,0,0,0,1,E01033456,3,1,0,1,1
2024010494460,2024,010494460,1,1,3,1,25,5,3,1,3,0,0,0,0,2,E01003245,3,1,0,1,1
2024010497613,2024,010497613,1,1,3,1,50,8,2,5,1,0,0,0,0,3,E01001808,7,1,1,0,1
2024010498477,2024,010498477,1,1,3,1,58,9,3,6,9,0,0,0,0,9,E01002318,3,1,0,1,1
2024010500647,2024,010500647,1,1,3,1,13,3,3,1,3,0,0,0,0,3,E01001326,3,1,0,1,1
2024010502118,2024,010502118,1,2,3,1,45,7,2,4,1,0,0,0,0,6,E01023179,7,1,1,0,4
2024010502293,2024,010502293,1,1,3,1,48,8,2,4,9,0,0,0,0,4,E01002620,7,1,1,0,1
2024010507185,2024,010507185,1,1,3,1,58,9,3,5,4,0,0,0,0,3,E01004041,3,1,0,1,2
2024010511644,2024,010511644,1,1,3,2,9,2,3,5,1,0,0,0,0,4,E01004572,3,1,0,1,1
2024010511866,2024,010511866,1,1,3,2,36,7,3,5,3,0,0,0,0,2,E01000040,3,1,0,1,1
2024010513128,2024,010513128,1,1,3,2,57,9,3,6,9,0,0,0,0,3,E01003598,3,1,0,1,1
2024010515892,2024,010515892,1,1,3,2,25,5,3,1,1,0,0,0,0,6,E01001295,3,1,0,1,3
2024010518515,2024,010518515,1,1,3,2,44,7,3,5,1,0,0,0,0,4,E01003020,3,1,0,1,1
2024010519253,2024,010519253,1,1,3,2,30,6,3,10,9,0,0,0,0,5,E01001099,3,1,0,1,1
2024010522595,2024,010522595,1,1,3,1,32,6,2,10,9,0,0,0,0,4,E01004057,5,1,1,0,1
2024010523336,2024,010523336,1,1,3,1,33,6,3,8,1,0,0,0,0,7,E01034154,3,1,0,1,1
2024010523567,2024,010523567,1,2,3,1,9,2,3,1,3,0,0,0,0,6,E01000302,3,1,0,1,1
2024010524302,2024,010524302,1,1,3,1,13,3,3,9,8,0,0,0,0,7,E01002428,3,1,0,1,1
2024010527690,2024,010527690,1,1,3,2,44,7,3,6,9,0,0,0,0,1,E01000061,3,1,0,1,1
2024010530952,2024,010530952,1,2,3,1,27,6,3,1,1,0,0,0,0,7,E01001866,3,1,0,1,1
2024010531112,2024,010531112,1,1,3,1,11,3,2,5,3,0,0,0,0,5,E01001099,7,1,1,0,1
2024010536525,2024,010536525,1,1,3,2,31,6,3,9,9,0,0,0,0,5,E01003147,3,1,0,1,1
2024010538763,2024,010538763,1,1,3,2,8,2,3,9,5,0,0,0,0,-1,-1,3,1,0,1,-1
2024010543623,2024,010543623,1,1,3,1,53,8,2,8,7,0,0,0,0,2,E01015772,7,1,1,0,4
2024010544491,2024,010544491,1,1,3,2,66,10,3,5,1,0,0,0,0,5,E01000003,3,1,0,1,3
2024010546272,2024,010546272,1,1,3,1,20,4,3,5,9,0,0,0,0,1,E01002093,3,1,0,1,1
2024010547205,2024,010547205,1,1,3,1,66,10,2,1,1,0,0,0,0,7,E01002582,5,1,1,0,2
2024010548266,2024,010548266,1,1,3,2,67,10,3,6,9,0,0,0,0,5,E01000260,3,1,0,1,1
2024010550962,2024,010550962,1,1,3,2,33,6,3,1,1,0,0,0,0,5,E01004056,3,1,0,1,1
2024041407013,2024,041407013,1,1,3,2,50,8,2,5,9,0,0,-1,0,6,E01025351,7,1,1,0,3
2024041424011,2024,041424011,1,1,3,2,14,3,3,5,3,0,0,-1,0,2,E01024903,3,1,0,1,1
2024041430552,2024,041430552,1,1,3,1,37,7,2,8,3,0,0,-1,0,8,E01034350,6,1,1,0,1
2024041452673,2024,041452673,1,1,3,2,-1,-1,2,8,7,0,0,-1,0,1,E01025445,7,1,1,0,1
2024041517373,2024,041517373,1,1,3,2,24,5,3,5,9,0,0,-1,0,1,E01011255,3,1,0,1,4
2024052400228,2024,052400228,1,1,3,2,31,6,3,5,3,0,0,0,0,-1,-1,-1,0,0.06817,0.93183,-1
2024052402362,2024,052402362,1,1,3,1,66,10,2,4,1,0,0,0,0,6,E01007164,-1,0,1,0,1
2024052402510,2024,052402510,1,1,3,1,12,3,3,8,4,0,0,0,0,2,E01006783,-1,0,0.12825,0.87175,1
2024061397711,2024,061397711,1,1,3,1,81,11,2,10,3,0,0,-1,0,7,E01004914,6,1,1,0,1
2024061416736,2024,061416736,1,1,3,1,44,7,2,5,1,0,0,-1,0,4,E01006141,5,1,1,0,1
2024061447900,2024,061447900,1,1,3,2,9,2,2,5,1,0,0,-1,0,2,E01004868,7,1,1,0,1
2024061504481,2024,061504481,1,1,3,1,17,4,2,10,8,0,0,-1,0,-1,-1,7,1,1,0,-1
2024061505929,2024,061505929,1,1,3,2,46,8,3,8,3,0,0,-1,0,5,E01006346,3,1,0,1,1
2024061522461,2024,061522461,1,1,3,1,26,6,2,4,1,0,0,-1,0,10,E01006096,5,1,1,0,1
2024071058302,2024,071058302,1,1,3,2,70,10,2,6,9,0,0,-1,0,10,E01018407,7,1,1,0,1
2024101414728,2024,101414728,1,1,3,1,3,1,3,5,1,0,0,-1,0,3,E01008694,3,1,0,1,1
2024101501458,2024,101501458,1,1,3,2,54,8,3,6,9,0,0,-1,0,3,E01008222,3,1,0,1,4
2024111433203,2024,111433203,1,1,3,1,5,1,2,5,4,0,0,-1,0,1,E01020790,7,1,1,0,1
2024122400622,2024,122400622,1,1,3,2,69,10,3,4,3,0,0,0,0,7,E01027571,-1,0,0.13025,0.86975,4
2024131397373,2024,131397373,1,1,3,2,51,8,2,8,3,0,0,-1,0,3,E01010629,7,1,1,0,1
2024131433191,2024,131433191,1,1,3,2,14,3,3,8,1,0,0,-1,0,7,E01011599,3,1,0,1,1
2024131450873,2024,131450873,1,1,3,2,60,9,3,6,9,0,0,-1,0,1,E01011371,3,1,0,1,1
2024131473909,2024,131473909,1,1,3,2,88,11,3,6,9,0,0,-1,0,2,E01011256,3,1,0,1,1
2024131530458,2024,131530458,1,1,3,1,69,10,2,5,1,0,0,-1,0,4,E01011320,7,1,1,0,1
2024141409091,2024,141409091,1,1,3,1,4,1,3,5,1,0,0,-1,0,-1,-1,3,1,0,1,-1
2024141423780,2024,141423780,1,1,3,2,15,3,2,5,1,0,0,-1,0,7,E01007582,7,1,1,0,1
2024141427767,2024,141427767,1,2,3,2,66,10,2,9,9,0,0,-1,0,6,E01008033,5,1,1,0,1
2024141442234,2024,141442234,1,1,3,2,30,6,2,5,1,0,0,-1,0,3,E01007820,7,1,1,0,3
2024141493370,2024,141493370,1,2,3,1,2,1,2,1,9,0,0,-1,0,-1,-1,7,1,1,0,-1
2024141497768,2024,141497768,1,1,3,2,12,3,3,1,3,0,0,-1,0,6,E01007748,3,1,0,1,1
2024141526925,2024,141526925,1,1,3,1,29,6,2,8,1,0,0,-1,0,5,E01008024,7,1,1,0,2
2024161404903,2024,161404903,1,1,3,2,6,2,3,6,8,0,0,-1,0,-1,-1,3,1,0,1,-1
202417L304224,2024,17L304224,1,1,3,2,85,11,2,9,7,0,0,-1,0,2,E01012101,6,1,1,0,1
2024201414957,2024,201414957,1,1,3,1,66,10,3,5,1,0,0,-1,0,2,E01033629,3,1,0,1,1
2024201421426,2024,201421426,1,1,3,1,31,6,3,2,1,0,0,-1,0,1,E01010364,3,1,0,1,3
2024201444584,2024,201444584,1,2,3,2,45,7,3,5,3,0,0,-1,0,3,E01010020,3,1,0,1,1
2024201450278,2024,201450278,1,1,3,2,12,3,3,6,9,0,0,-1,0,1,E01009321,3,1,0,1,1
2024201467229,2024,201467229,1,2,3,2,46,8,3,5,3,0,0,-1,0,4,E01010009,3,1,0,1,2
2024201469240,2024,201469240,1,1,3,2,5,1,3,5,3,0,0,-1,0,7,E01010537,3,1,0,1,1
2024201486198,2024,201486198,1,2,3,1,49,8,3,6,9,0,0,-1,0,-1,-1,3,1,0,1,-1
2024201489350,2024,201489350,1,2,3,1,13,3,3,5,3,0,0,-1,0,1,E01034309,3,1,0,1,1
2024201508839,2024,201508839,1,1,3,1,-1,-1,3,5,9,0,0,-1,0,-1,-1,3,1,0,1,-1
2024201524670,2024,201524670,1,1,3,1,59,9,2,5,1,0,0,-1,0,3,E01032587,7,1,1,0,1
2024201530301,2024,201530301,1,1,3,1,16,4,3,5,1,0,0,-1,0,-1,-1,3,1,0,1,-1
2024201557266,2024,201557266,1,1,3,2,24,5,3,1,9,0,0,-1,0,-1,-1,3,1,0,1,-1
2024211488289,2024,211488289,1,1,3,1,36,7,2,5,1,0,0,-1,0,-1,-1,7,1,1,0,-1
2024221399757,2024,221399757,1,1,3,2,43,7,3,1,1,0,0,-1,0,5,E01034325,3,1,0,1,1
2024221451616,2024,221451616,1,1,3,2,80,11,2,9,5,0,0,-1,0,9,E01029009,7,1,1,0,1
2024221492269,2024,221492269,1,1,3,1,87,11,2,9,5,0,0,-1,0,4,E01029003,7,1,1,0,1
2024231459694,2024,231459694,1,1,3,1,3,1,3,6,9,0,0,-1,0,9,E01031143,3,1,0,1,1
2024231477621,2024,231477621,1,1,3,1,31,6,2,10,9,0,0,-1,0,10,E01031110,7,1,1,0,1
2024231504989,2024,231504989,1,1,3,1,56,9,2,8,3,0,0,-1,0,10,E01031175,5,1,1,0,1
2024231522733,2024,231522733,3,2,3,1,52,8,2,9,5,0,0,-1,0,-1,-1,7,1,1,0,-1
2024231528059,2024,231528059,1,1,3,2,82,11,2,10,9,0,0,-1,0,9,E01022185,6,1,1,0,3
2024311418221,2024,311418221,1,1,3,1,15,3,2,6,9,0,0,-1,0,2,E01028319,7,1,1,0,1
2024311461701,2024,311461701,1,1,3,2,15,3,3,8,4,0,0,-1,0,7,E01027995,3,1,0,1,1
2024311473591,2024,311473591,1,1,3,1,53,8,3,1,4,0,0,-1,0,6,E01013887,3,1,0,1,2
2024311517279,2024,311517279,1,1,3,1,5,1,3,5,1,0,0,-1,0,-1,-1,3,1,0,1,-1
2024320560802,2024,320560802,1,1,3,1,18,4,3,1,3,0,0,0,0,8,E01026053,-1,0,0.114,0.886,3
2024320645876,2024,320645876,1,1,3,2,30,6,3,5,1,0,0,0,0,-1,-1,-1,0,0.13101,0.86899,-1
2024320766337,2024,320766337,1,1,3,2,63,9,2,6,9,0,0,0,0,1,E01026094,-1,0,1,0,1
2024332400540,2024,332400540,1,1,3,1,22,5,3,6,9,0,0,-1,0,2,E01010301,3,1,0,1,4
2024340NN2102,2024,340NN2102,1,1,3,1,39,7,3,5,1,0,0,-1,0,-1,-1,3,1,0,1,-1
2024340WN6602,2024,340WN6602,1,1,3,1,41,7,3,5,3,0,0,-1,0,-1,-1,3,1,0,1,-1
2024351430445,2024,351430445,1,1,3,2,44,7,3,5,1,0,0,-1,0,2,E01035541,3,1,0,1,1
2024351529117,2024,351529117,1,1,3,1,6,2,3,9,9,0,0,-1,0,1,E01015609,3,1,0,1,2
2024351539381,2024,351539381,1,1,3,2,69,10,3,10,5,0,0,-1,0,8,E01018224,3,1,0,1,1
2024361409865,2024,361409865,1,1,3,1,-1,-1,3,6,1,0,0,-1,0,-1,-1,3,1,0,1,-1
2024361428234,2024,361428234,1,1,3,1,14,3,3,5,3,0,0,-1,0,8,E01026564,3,1,0,1,2
2024361515981,2024,361515981,1,1,3,2,62,9,3,6,3,0,0,-1,0,3,E01026426,3,1,0,1,1
2024371420062,2024,371420062,1,1,3,1,19,4,3,6,9,0,0,-1,0,1,E01029994,3,1,0,1,2
2024371443092,2024,371443092,1,1,3,1,15,3,2,5,1,0,0,-1,0,10,E01029895,7,1,1,0,3
2024371498505,2024,371498505,1,1,3,2,51,8,3,1,1,0,0,-1,0,5,E01030030,3,1,0,1,1
2024401411949,2024,401411949,1,1,3,2,30,6,3,5,3,0,0,-1,0,6,E01002358,3,1,0,1,4
2024401486370,2024,401486370,1,1,3,2,17,4,2,5,1,0,0,-1,0,2,E01015759,7,1,1,0,1
2024401577697,2024,401577697,1,1,3,2,74,10,3,5,9,0,0,-1,0,3,E01029339,3,1,0,1,5
2024411472414,2024,411472414,1,1,3,2,17,4,3,10,9,0,0,-1,0,10,E01023715,3,1,0,1,3
2024411509508,2024,411509508,1,1,3,2,16,4,2,5,1,0,0,-1,0,8,E01023549,6,1,1,0,1
2024421401170,2024,421401170,1,1,3,2,26,6,2,1,1,0,0,-1,0,5,E01021263,7,1,1,0,1
2024421402708,2024,421402708,1,1,3,1,76,11,2,10,3,0,0,-1,0,10,E01021483,7,1,1,0,1
2024421474235,2024,421474235,1,1,3,2,32,6,3,5,9,0,0,-1,0,4,E01021834,3,1,0,1,1
2024421534532,2024,421534532,1,1,3,2,65,9,1,5,3,0,0,-1,0,-1,-1,1,1,0,0,-1
2024430049627,2024,430049627,1,1,3,1,14,3,2,1,1,0,0,0,0,10,E01016671,-1,0,1,0,1
2024430082174,2024,430082174,1,1,3,1,26,6,3,9,8,0,0,0,0,-1,-1,-1,0,0.07382,0.92618,-1
2024430130890,2024,430130890,1,1,3,2,8,2,3,5,2,0,0,0,0,2,E01016806,-1,0,0.05708,0.94292,1
2024430189251,2024,430189251,1,1,3,2,15,3,3,5,2,0,0,0,0,2,E01016295,-1,0,0.02249,0.97751,1
2024430273478,2024,430273478,1,1,3,1,35,6,3,9,5,0,0,0,0,9,E01030795,-1,0,0.05541,0.94459,3
2024430438312,2024,430438312,1,1,3,1,11,3,3,5,2,0,0,0,0,7,E01028732,-1,0,0.01628,0.98372,1
2024430486783,2024,430486783,1,1,3,2,10,2,3,5,1,0,0,0,0,10,E01017737,-1,0,0.01638,0.98362,1
2024430519834,2024,430519834,1,3,3,2,9,2,3,1,1,0,0,0,0,7,E01033972,-1,0,0.0242,0.9758,1
2024430611964,2024,430611964,1,2,3,1,26,6,3,6,9,0,0,0,0,4,E01033415,-1,0,0.04364,0.95636,1
2024440020463,2024,440020463,1,1,3,1,60,9,2,5,3,0,0,0,0,2,E01017201,-1,0,0.91111,0.08889,1
2024440049103,2024,440049103,1,1,3,1,50,8,3,1,2,0,0,0,0,9,E01022862,-1,0,0,1,1
2024440096596,2024,440096596,1,1,3,2,41,7,3,5,1,0,0,0,0,5,E01022996,-1,0,0,1,2
2024440216598,2024,440216598,1,1,3,1,14,3,3,5,3,0,0,0,0,9,E01022658,-1,0,0,1,1
2024440471015,2024,440471015,1,1,3,2,14,3,3,5,1,0,0,0,0,5,E01023010,-1,0,0,1,1
2024440534229,2024,440534229,1,1,3,2,19,4,3,5,1,0,0,0,0,2,E01017139,-1,0,0,1,1
2024451405900,2024,451405900,1,1,3,2,60,9,2,8,3,0,0,-1,0,10,E01030386,6,1,1,0,1
2024451423157,2024,451423157,1,1,3,1,10,2,2,10,3,0,0,-1,0,7,E01030858,7,1,1,0,1
2024451495382,2024,451495382,1,1,3,2,21,5,3,6,9,0,0,-1,0,10,E01030627,3,1,0,1,1
2024451524504,2024,451524504,1,1,3,2,31,6,3,10,9,0,0,-1,0,10,E01030499,3,1,0,1,1
2024451533695,2024,451533695,1,1,3,2,24,5,3,1,1,0,0,-1,0,8,E01030928,3,1,0,1,1
2024461415638,2024,461415638,1,1,3,2,81,11,2,4,3,0,0,-1,0,9,E01024244,7,1,1,0,1
2024461419731,2024,461419731,1,1,3,2,14,3,3,1,1,0,0,-1,0,10,E01024324,3,1,0,1,1
2024461422314,2024,461422314,1,1,3,2,31,6,3,10,9,0,0,-1,0,5,E01024556,3,1,0,1,1
2024461432097,2024,461432097,1,1,3,1,69,10,3,10,1,0,0,-1,0,-1,-1,3,1,0,1,-1
2024461459194,2024,461459194,1,1,3,2,2,1,3,1,1,0,0,-1,0,5,E01024356,3,1,0,1,1
2024461480410,2024,461480410,1,1,3,1,-1,-1,3,10,9,0,0,-1,0,-1,-1,3,1,0,1,-1
2024461517565,2024,461517565,1,1,3,1,58,9,3,9,7,0,0,-1,0,4,E01024696,3,1,0,1,1
2024461518520,2024,461518520,1,1,3,1,49,8,3,10,9,0,0,-1,0,3,E01024620,3,1,0,1,1
2024471413617,2024,471413617,1,1,3,2,68,10,3,1,1,0,0,-1,0,10,E01031741,3,1,0,1,1
2024471485671,2024,471485671,1,1,3,1,44,7,1,9,7,0,0,-1,0,10,E01031621,1,1,0,0,3
2024471491460,2024,471491460,1,1,3,1,69,10,3,10,9,0,0,-1,0,3,E01031372,3,1,0,1,4
2024471503262,2024,471503262,1,1,3,2,-1,-1,2,8,7,0,0,-1,0,-1,-1,7,1,1,0,-1
2024501467686,2024,501467686,1,1,3,1,58,9,3,4,9,0,0,-1,0,1,E01015153,3,1,0,1,1
2024501488135,2024,501488135,1,1,3,2,11,3,3,5,1,0,0,-1,0,3,E01020095,3,1,0,1,1
2024520403033,2024,520403033,1,1,3,2,28,6,3,9,8,0,0,0,0,6,E01029156,-1,0,0.07814,0.92186,1
2024520403221,2024,520403221,1,1,3,2,87,11,1,5,4,0,0,0,0,4,E01029171,-1,0,0,0,1
2024548254424,2024,548254424,1,1,3,1,20,4,3,4,1,0,0,0,0,-1,-1,-1,0,0.13415,0.86585,-1
2024552400016,2024,552400016,1,1,3,1,76,11,2,5,3,0,0,0,0,4,E01020581,-1,0,1,0,1
2024552400736,2024,552400736,1,1,3,1,22,5,3,6,9,0,0,0,0,8,E01020344,-1,0,0.06578,0.93422,1
202460Q065028,2024,60Q065028,1,1,3,1,13,3,3,6,8,0,0,0,0,-1,-1,-1,0,0.06977,0.93023,-1
202460Q129825,2024,60Q129825,1,2,3,1,65,9,1,6,9,0,0,0,0,-1,-1,-1,0,0,0,-1
202460Q166308,2024,60Q166308,1,1,3,2,68,10,3,10,9,0,0,0,0,-1,-1,-1,0,0.13678,0.86322,-1
2024610049124,2024,610049124,1,1,3,2,69,10,3,10,9,0,0,0,0,-1,-1,-1,0,0.15344,0.84656,-1
2024622400208,2024,622400208,1,1,3,2,14,3,3,5,2,0,0,0,0,-1,-1,-1,0,0.07686,0.92314,-1
2024631414795,2024,631414795,1,1,3,1,3,1,3,6,9,0,0,-1,0,2,W01000498,3,1,0,1,1
2024631514879,2024,631514879,1,1,3,2,83,11,2,6,9,0,0,-1,0,5,W01000455,6,1,1,0,1
2024991399086,2024,991399086,1,1,3,2,27,6,2,9,9,0,0,-1,0,8,-1,7,1,1,0,1
2024991432246,2024,991432246,1,1,3,1,45,7,3,5,3,0,0,-1,0,3,-1,3,1,0,1,1
2024991434005,2024,991434005,1,1,3,2,69,10,3,1,1,0,0,-1,0,5,-1,3,1,0,1,1
2024991435234,2024,991435234,1,1,3,1,12,3,2,5,3,0,0,-1,0,1,-1,7,1,1,0,1
2024991449989,2024,991449989,1,1,3,2,9,2,3,5,1,0,0,-1,0,-1,-1,3,1,0,1,-1
2024991471287,2024,991471287,1,1,3,1,55,8,3,8,7,0,0,-1,0,2,-1,3,1,0,1,1
2024991471307,2024,991471307,1,1,3,2,25,5,3,5,3,0,0,-1,0,-1,-1,3,1,0,1,-1
2024991484947,2024,991484947,1,1,3,1,15,3,2,5,4,0,0,-1,0,5,-1,6,1,1,0,1
2024991497923,2024,991497923,1,1,3,2,12,3,3,4,4,0,0,-1,0,2,-1,3,1,0,1,1
2025010555120,2025,010555120,1,1,3,2,14,3,3,1,1,0,0,-1,0,5,E01000194,3,1,0,1,1
2025010555533,2025,010555533,3,1,3,2,48,8,2,5,1,0,0,-1,0,3,E01002766,7,1,1,0,2
2025010555864,2025,010555864,1,1,3,1,32,6,3,9,8,0,0,0,0,7,E01032781,-1,0,0,1,1
2025010558295,2025,010558295,1,1,3,1,26,6,3,1,3,0,0,-1,0,6,E01001494,3,1,0,1,1
2025010558923,2025,010558923,1,1,3,1,41,7,3,6,9,0,0,-1,0,-1,-1,3,1,0,1,-1
2025010562237,2025,010562237,1,1,3,1,24,5,2,9,9,0,0,-1,0,-1,-1,5,1,1,0,-1
2025010564574,2025,010564574,1,1,3,1,75,10,3,1,3,0,0,-1,0,3,E01002721,3,1,0,1,1
2025010565239,2025,010565239,1,1,3,2,43,7,2,5,9,0,0,-1,0,8,E01009707,7,1,1,0,5
2025010572792,2025,010572792,1,1,3,1,44,7,2,10,9,0,0,-1,0,4,E01000031,7,1,1,0,1
2025010573854,2025,010573854,1,1,3,-1,18,4,3,10,9,0,0,-1,0,-1,-1,3,1,0,1,-1
2025010576766,2025,010576766,1,1,3,2,39,7,3,5,2,0,0,-1,0,4,E01001511,3,1,0,1,1
2025010577240,2025,010577240,1,1,3,1,-1,-1,3,10,9,0,0,-1,0,6,E01004137,3,1,0,1,2
2025010577379,2025,010577379,1,1,3,1,26,6,3,10,9,0,0,-1,0,8,E01000217,3,1,0,1,2
2025010579044,2025,010579044,1,1,3,1,44,7,3,6,9,0,0,-1,0,2,E01002074,3,1,0,1,1
2025010583062,2025,010583062,1,1,3,2,35,6,3,5,9,0,0,-1,0,4,E01003249,3,1,0,1,1
2025010583471,2025,010583471,1,1,3,2,36,7,2,5,1,0,0,-1,0,1,E01002040,5,1,1,0,1
2025010583552,2025,010583552,1,1,3,2,38,7,3,10,9,0,0,-1,0,3,E01004064,3,1,0,1,2
2025010585046,2025,010585046,1,1,3,2,41,7,2,8,1,0,0,-1,0,8,E01004168,7,1,1,0,1
2025010586485,2025,010586485,1,2,3,1,2,1,3,5,3,0,0,-1,0,2,E01003509,3,1,0,1,1
2025010587183,2025,010587183,1,1,3,2,44,7,3,4,3,0,0,-1,0,4,E01002241,3,1,0,1,1
2025010587361,2025,010587361,1,1,3,1,81,11,3,1,3,0,0,-1,0,8,E01004726,3,1,0,1,1
2025010587394,2025,010587394,1,1,3,1,14,3,3,4,1,0,0,-1,0,6,E01002022,3,1,0,1,1
2025010587496,2025,010587496,1,1,3,1,25,5,3,10,9,0,0,-1,0,-1,-1,3,1,0,1,-1
2025010590091,2025,010590091,1,1,3,2,77,11,3,1,9,0,0,-1,0,5,E01001853,3,1,0,1,1
2025010590470,2025,010590470,1,1,3,1,49,8,3,6,9,0,0,-1,0,5,E01002302,3,1,0,1,1
2025010590790,2025,010590790,1,1,3,1,63,9,3,1,3,0,0,-1,0,2,E01003933,3,1,0,1,1
2025010593119,2025,010593119,1,1,3,2,22,5,3,5,1,0,0,-1,0,4,E01000866,3,1,0,1,1
2025010596339,2025,010596339,1,1,3,1,15,3,3,1,1,0,0,-1,0,9,E01000178,3,1,0,1,1
2025010597179,2025,010597179,1,1,3,2,28,6,3,1,1,0,0,-1,0,7,E01000252,3,1,0,1,1
2025010597362,2025,010597362,1,1,3,1,64,9,3,10,9,0,0,-1,0,2,E01003921,3,1,0,1,1
2025010599187,2025,010599187,1,1,3,2,67,10,2,8,2,0,0,-1,0,4,E01002101,7,1,1,0,1
2025010602259,2025,010602259,1,1,3,2,-1,-1,3,10,9,0,0,-1,0,-1,-1,3,1,0,1,-1
2025010603504,2025,010603504,1,1,3,1,61,9,3,5,1,0,0,-1,0,-1,-1,3,1,0,1,-1
2025010603971,2025,010603971,1,1,3,2,3,1,3,10,9,0,0,-1,0,2,E01001959,3,1,0,1,1
2025010605037,2025,010605037,1,1,3,1,61,9,3,10,9,0,0,-1,0,2,E01014355,3,1,0,1,5
2025010605184,2025,010605184,1,1,3,2,54,8,3,4,1,0,0,-1,0,7,E01004476,3,1,0,1,1
2025010605932,2025,010605932,1,1,3,2,40,7,3,4,1,0,0,-1,0,2,E01001155,3,1,0,1,1
2025010607556,2025,010607556,1,1,3,2,44,7,3,5,9,0,0,-1,0,5,E01004644,3,1,0,1,3
2025010607606,2025,010607606,1,1,3,1,16,4,3,5,1,0,0,-1,0,10,E01000814,3,1,0,1,2
2025010614580,2025,010614580,1,1,3,1,19,4,3,9,9,0,0,-1,0,2,E01024155,3,1,0,1,3
2025010615267,2025,010615267,1,1,3,-1,92,11,2,10,9,0,0,-1,0,5,E01002219,7,1,1,0,1
2025041636414,2025,041636414,1,1,3,1,18,4,3,5,1,0,0,-1,0,6,E01025122,3,1,0,1,3
2025041659590,2025,041659590,1,1,3,2,11,3,2,5,3,0,0,-1,0,1,E01012571,7,1,1,0,1
2025052500033,2025,052500033,1,1,3,2,26,6,3,8,1,0,0,0,0,8,E01007311,-1,0,0.15909,0.84091,3
2025052501204,2025,052501204,1,110,3,2,15,3,3,9,7,0,0,0,0,1,E01006509,-1,0,0.13143,0.86857,3
2025052501204,2025,052501204,1,100,3,1,26,6,3,9,7,0,0,0,0,2,E01009969,-1,0,0.14071,0.85929,5
2025052501431,2025,052501431,1,1,3,2,12,3,3,1,1,0,0,0,0,1,E01006816,-1,0,0.15042,0.84958,1
2025052501488,2025,052501488,1,1,3,2,54,8,3,6,9,0,0,0,0,4,E01007115,-1,0,0.08433,0.91567,2
2025052502152,2025,052502152,1,1,3,1,31,6,3,5,3,0,0,0,0,4,E01006526,-1,0,0.09694,0.90306,1
2025061601386,2025,061601386,1,1,3,1,43,7,3,1,3,0,0,-1,0,1,E01005918,3,1,0,1,2
2025061658270,2025,061658270,1,1,3,2,35,6,3,1,1,0,0,-1,0,3,E01033662,3,1,0,1,1
2025061666548,2025,061666548,1,1,3,1,-1,-1,3,1,1,0,0,-1,0,1,E01005430,3,1,0,1,1
2025070558586,2025,070558586,2,1,3,2,51,8,3,1,1,0,0,-1,0,10,E01018602,3,1,0,1,1
2025070889001,2025,070889001,1,1,3,2,17,4,3,10,1,0,0,-1,0,10,E01012477,3,1,0,1,2
2025070970873,2025,070970873,1,1,3,1,34,6,3,6,9,0,0,-1,0,5,E01034677,3,1,0,1,1
2025071000698,2025,071000698,1,1,3,1,41,7,3,6,9,0,0,-1,0,6,E01018399,3,1,0,1,3
2025101570504,2025,101570504,1,1,3,1,9,2,3,5,3,0,0,-1,0,1,E01008655,3,1,0,1,1
2025101577377,2025,101577377,1,1,3,2,64,9,2,6,9,0,0,-1,0,5,E01008622,7,1,1,0,1
2025101592285,2025,101592285,1,1,3,1,9,2,3,5,3,0,0,-1,0,-1,-1,3,1,0,1,-1
2025101675771,2025,101675771,1,1,3,2,67,10,2,5,1,0,0,-1,0,-1,-1,6,1,1,0,-1
2025111546452,2025,111546452,1,2,3,2,72,10,2,4,1,0,0,-1,0,3,E01020868,6,1,1,0,1
2025111659447,2025,111659447,1,1,3,2,22,5,1,1,1,0,0,-1,0,10,E01020712,1,1,0,0,1
2025122500268,2025,122500268,1,1,3,2,57,9,3,9,7,0,0,0,0,7,E01027799,-1,0,0.02439,0.97561,3
2025122500489,2025,122500489,1,2,3,2,22,5,3,5,2,0,0,0,0,4,E01034983,-1,0,0.13998,0.86002,1
2025131537003,2025,131537003,1,1,3,1,46,8,2,10,3,0,0,-1,0,2,E01010930,7,1,1,0,2
2025131542566,2025,131542566,1,1,3,2,10,2,3,4,3,0,0,-1,0,6,E01011505,3,1,0,1,1
2025131565144,2025,131565144,1,1,3,1,15,3,2,9,8,0,0,-1,0,5,E01010788,7,1,1,0,1
2025131569879,2025,131569879,1,1,3,2,2,1,3,6,7,0,0,-1,0,1,E01033691,3,1,0,1,1
2025131573795,2025,131573795,1,1,3,1,1,1,3,8,9,0,0,-1,0,5,E01010729,3,1,0,1,1
2025131591086,2025,131591086,1,1,3,1,19,4,1,4,3,0,0,-1,0,3,E01032498,1,1,0,0,1
2025131600869,2025,131600869,2,1,3,1,10,2,3,5,9,0,0,-1,0,7,E01010587,3,1,0,1,1
2025131614727,2025,131614727,1,1,3,1,60,9,3,10,1,0,0,-1,0,2,E01011043,3,1,0,1,1
2025131641229,2025,131641229,1,1,3,2,2,1,3,8,1,0,0,-1,0,1,E01010742,3,1,0,1,1
2025131644217,2025,131644217,1,1,3,2,73,10,3,5,1,0,0,-1,0,3,E01011824,3,1,0,1,1
2025131650154,2025,131650154,1,1,3,2,34,6,3,5,1,0,0,-1,0,1,E01010710,3,1,0,1,1
2025131668598,2025,131668598,1,1,3,1,4,1,3,5,3,0,0,-1,0,1,E01011739,3,1,0,1,1
2025131673499,2025,131673499,1,2,3,1,7,2,3,5,9,0,0,-1,0,5,E01011124,3,1,0,1,1
2025131680901,2025,131680901,1,1,3,2,37,7,3,8,7,0,0,-1,0,3,E01010981,3,1,0,1,1
2025141585811,2025,141585811,1,1,3,1,22,5,3,1,1,0,0,-1,0,5,E01019432,3,1,0,1,4
2025141592469,2025,141592469,1,1,3,1,20,4,2,5,1,0,0,-1,0,8,E01007420,7,1,1,0,1
2025141628761,2025,141628761,1,1,3,1,-1,-1,3,10,9,0,0,-1,0,-1,-1,3,1,0,1,-1
2025141658884,2025,141658884,1,1,3,1,23,5,2,5,4,0,0,-1,0,10,E01007937,7,1,1,0,1
2025141684478,2025,141684478,1,1,3,2,-1,-1,3,5,3,0,0,-1,0,1,E01008083,3,1,0,1,2
2025161602628,2025,161602628,1,1,3,2,52,8,2,8,3,0,0,-1,0,1,E01012850,6,1,1,0,1
2025161608391,2025,161608391,1,1,3,1,23,5,3,10,9,0,0,-1,0,1,E01012850,3,1,0,1,2
2025161647731,2025,161647731,1,1,3,2,16,4,2,10,9,0,0,-1,0,1,E01013210,7,1,1,0,1
2025161662330,2025,161662330,1,1,3,1,4,1,3,8,5,0,0,-1,0,-1,-1,3,1,0,1,-1
2025161678668,2025,161678668,1,1,3,1,67,10,3,5,9,0,0,-1,0,7,E01013041,3,1,0,1,1
2025161689206,2025,161689206,1,1,3,2,51,8,3,9,9,0,0,-1,0,2,E01026108,3,1,0,1,4
2025201537226,2025,201537226,1,1,3,2,34,6,2,5,3,0,0,-1,0,1,E01009733,7,1,1,0,1
2025201571950,2025,201571950,1,1,3,1,37,7,2,5,2,0,0,-1,0,1,E01008996,7,1,1,0,1
2025201572172,2025,201572172,1,1,3,2,19,4,3,5,9,0,0,-1,0,5,E01009267,3,1,0,1,1
2025201573024,2025,201573024,1,1,3,1,23,5,3,5,3,0,0,-1,0,1,E01009343,3,1,0,1,1
2025201588351,2025,201588351,1,1,3,1,61,9,3,9,8,0,0,-1,0,5,E01009791,3,1,0,1,1
2025201589042,2025,201589042,1,1,3,1,73,10,3,10,3,0,0,-1,0,9,E01009817,3,1,0,1,1
2025201591718,2025,201591718,1,1,3,1,17,4,2,5,3,0,0,-1,0,1,E01034748,7,1,1,0,2
2025201619127,2025,201619127,1,1,3,1,18,4,3,5,1,0,0,-1,0,-1,-1,3,1,0,1,-1
2025201628051,2025,201628051,1,1,3,1,9,2,3,8,1,0,0,-1,0,1,E01010148,3,1,0,1,1
2025201685542,2025,201685542,1,1,3,1,2,1,3,5,1,0,0,-1,0,2,E01010526,3,1,0,1,1
2025211546749,2025,211546749,1,1,3,1,53,8,2,5,1,0,0,-1,0,5,E01029367,7,1,1,0,1
2025211643235,2025,211643235,1,1,3,2,55,8,2,9,5,0,0,-1,0,-1,-1,7,1,1,0,-1
2025211647782,2025,211647782,1,1,3,1,10,2,3,1,1,0,0,-1,0,3,E01029434,3,1,0,1,1
2025211653433,2025,211653433,1,1,3,2,12,3,2,5,3,0,0,-1,0,4,E01014219,7,1,1,0,1
2025221605198,2025,221605198,1,1,3,2,70,10,3,6,9,0,0,-1,0,-1,-1,3,1,0,1,-1
2025221610464,2025,221610464,1,1,3,1,5,1,3,5,1,0,0,-1,0,7,E01032195,3,1,0,1,1
2025231587290,2025,231587290,1,1,3,2,22,5,2,5,1,0,0,-1,0,8,E01035015,7,1,1,0,1
2025231663275,2025,231663275,1,1,3,2,14,3,3,1,1,0,0,-1,0,3,E01031177,3,1,0,1,1
2025302500798,2025,302500798,1,1,3,1,66,10,3,6,9,0,0,-1,0,9,E01034652,3,1,0,1,2
2025302500851,2025,302500851,1,1,3,1,17,4,3,10,9,0,0,-1,0,-1,-1,3,1,0,1,-1
2025302501032,2025,302501032,1,2,3,2,12,3,3,4,2,0,0,-1,0,4,E01019824,3,1,0,1,3
2025311537243,2025,311537243,1,1,3,2,32,6,3,5,1,0,0,-1,0,10,E01028391,3,1,0,1,4
2025311690851,2025,311690851,1,2,3,1,43,7,2,6,9,0,0,-1,0,7,E01028353,7,1,1,0,1
2025320084887,2025,320084887,1,1,3,2,22,5,2,5,1,0,0,0,0,5,E01034691,-1,0,1,0,1
2025320185950,2025,320185950,1,1,3,2,44,7,3,1,3,0,0,0,0,1,E01026374,-1,0,0.14413,0.85587,4
2025332500144,2025,332500144,1,1,3,2,17,4,2,1,3,0,0,-1,0,8,E01025721,7,1,1,0,1
2025340NN2132,2025,340NN2132,1,1,3,2,8,2,3,10,1,0,0,-1,0,1,E01027318,3,1,0,1,1
2025361587768,2025,361587768,1,1,3,2,76,11,2,4,1,0,0,-1,0,7,E01026937,7,1,1,0,1
2025371573541,2025,371573541,1,1,3,2,69,10,3,6,9,0,0,-1,0,1,E01026598,3,1,0,1,4
2025371600986,2025,371600986,1,1,3,2,88,11,3,5,3,0,0,-1,0,9,E01030238,3,1,0,1,2
2025371621911,2025,371621911,1,1,3,1,34,6,3,10,9,0,0,-1,0,6,E01029874,3,1,0,1,4
2025371642237,2025,371642237,1,1,3,1,11,3,3,1,9,0,0,-1,0,8,E01030009,3,1,0,1,1
2025371670774,2025,371670774,1,1,3,1,47,8,3,1,1,0,0,-1,0,5,E01035154,3,1,0,1,3
2025371672131,2025,371672131,1,1,3,1,33,6,3,1,1,0,0,-1,0,8,E01033047,3,1,0,1,1
2025401569506,2025,401569506,1,1,3,1,62,9,3,4,1,0,0,-1,0,-1,-1,3,1,0,1,-1
2025411559544,2025,411559544,1,1,3,2,58,9,1,4,3,0,0,-1,0,-1,-1,1,1,0,0,-1
2025411641737,2025,411641737,1,1,3,1,8,2,3,5,9,0,0,-1,0,7,E01023856,3,1,0,1,1
2025411693054,2025,411693054,1,1,3,2,27,6,3,5,1,0,0,-1,0,3,E01023343,3,1,0,1,1
2025421547146,2025,421547146,1,1,3,1,77,11,3,10,9,0,0,-1,0,3,E01021816,3,1,0,1,1
2025421562412,2025,421562412,1,1,3,1,11,3,3,5,3,0,0,-1,0,6,E01003705,3,1,0,1,1
2025421598200,2025,421598200,1,1,3,1,18,4,3,1,3,0,0,-1,0,5,E01015952,3,1,0,1,1
2025421598763,2025,421598763,1,1,3,2,43,7,3,5,1,0,0,-1,0,5,E01021417,3,1,0,1,4
2025421660368,2025,421660368,1,2,3,1,56,9,3,6,9,0,0,-1,0,5,E01021843,3,1,0,1,2
2025430171136,2025,430171136,1,1,3,2,44,7,3,6,9,0,0,0,0,10,E01016684,-1,0,0.018,0.982,1
2025430214458,2025,430214458,1,2,3,2,11,3,3,1,1,0,0,0,0,-1,-1,-1,0,0.02651,0.97349,-1
2025430225449,2025,430225449,1,1,3,2,67,10,2,5,9,0,0,0,0,6,E01035723,-1,0,1,0,2
2025430344390,2025,430344390,1,1,3,1,5,1,3,7,3,0,0,0,0,5,E01032955,-1,0,0.07158,0.92842,1
2025440015661,2025,440015661,1,1,3,2,28,6,3,5,3,0,0,0,0,3,E01023145,-1,0,0,1,1
2025440086046,2025,440086046,1,1,3,2,33,6,3,1,1,0,0,0,0,4,E01022479,-1,0,0,1,1
2025440417830,2025,440417830,1,1,3,1,44,7,3,1,3,0,0,-1,0,1,E01017032,3,1,0,1,1
2025451645738,2025,451645738,1,1,3,1,28,6,3,5,1,0,0,-1,0,3,E01030745,3,1,0,1,1
2025451648405,2025,451648405,1,1,3,1,57,9,3,5,1,0,0,-1,0,9,E01030989,3,1,0,1,1
2025451687516,2025,451687516,1,1,3,1,75,10,2,5,1,0,0,-1,0,-1,-1,6,1,1,0,-1
2025461590520,2025,461590520,1,1,3,2,15,3,2,5,3,0,0,-1,0,10,E01024107,7,1,1,0,1
2025461590833,2025,461590833,1,1,3,1,65,9,3,9,5,0,0,-1,0,5,E01024335,3,1,0,1,3
2025461608881,2025,461608881,1,1,3,1,7,2,3,5,2,0,0,-1,0,5,E01035272,3,1,0,1,1
2025461609164,2025,461609164,1,1,3,2,15,3,3,4,3,0,0,-1,0,10,E01024474,3,1,0,1,1
2025461654582,2025,461654582,1,1,3,2,33,6,2,1,3,0,0,-1,0,4,E01034986,7,1,1,0,1
2025461666929,2025,461666929,1,1,3,2,55,8,3,1,1,0,0,-1,0,5,E01024639,3,1,0,1,1
2025461675078,2025,461675078,1,1,3,2,24,5,2,1,1,0,0,-1,0,6,E01024276,7,1,1,0,1
2025471554692,2025,471554692,1,1,3,2,72,10,3,6,9,0,0,-1,0,4,E01031364,3,1,0,1,2
2025471560427,2025,471560427,1,2,3,1,12,3,3,5,9,0,0,-1,0,7,E01031767,3,1,0,1,1
2025471578015,2025,471578015,1,1,3,2,15,3,3,5,1,0,0,-1,0,10,E01016940,3,1,0,1,1
2025471580722,2025,471580722,1,1,3,1,73,10,3,1,1,0,0,-1,0,1,E01016947,3,1,0,1,1
2025471628347,2025,471628347,1,2,3,1,83,11,2,1,3,0,0,-1,0,9,E01031505,7,1,1,0,1
2025471727955,2025,471727955,1,1,3,1,34,6,2,10,2,0,0,-1,0,5,E01031687,7,1,1,0,1
2025501672281,2025,501672281,1,1,3,1,23,5,1,9,5,0,0,-1,0,4,E01015164,1,1,0,0,4
2025501674846,2025,501674846,1,1,3,1,11,3,3,5,2,0,0,-1,0,1,E01015023,3,1,0,1,1
2025501688976,2025,501688976,1,1,3,2,54,8,3,6,9,0,0,-1,0,6,E01031669,3,1,0,1,5
2025522501235,2025,522501235,1,1,3,1,16,4,3,1,9,0,0,-1,0,10,E01014742,3,1,0,1,1
2025522501552,2025,522501552,2,1,3,2,10,2,3,1,3,0,0,-1,0,1,E01014834,3,1,0,1,1
2025522600284,2025,522600284,1,1,3,1,45,7,2,5,2,0,0,-1,0,3,E01014830,7,1,1,0,1
2025531564948,2025,531564948,1,1,3,2,40,7,3,9,5,0,0,-1,0,8,E01022423,3,1,0,1,2
2025531690434,2025,531690434,1,1,3,2,80,11,2,5,1,0,0,-1,0,5,E01003307,6,1,1,0,5
2025541698153,2025,541698153,1,2,3,1,39,7,3,5,1,0,0,-1,0,5,E01015555,3,1,0,1,1
2025552501232,2025,552501232,1,1,3,1,62,9,3,5,3,0,0,-1,0,8,E01015272,3,1,0,1,1
202560C093794,2025,60C093794,1,1,3,2,24,5,3,5,2,0,0,0,0,-1,-1,-1,0,0.12706,0.87294,-1
2025610001425,2025,610001425,1,1,3,1,13,3,2,1,1,0,0,0,0,-1,-1,-1,0,1,0,-1
2025610017425,2025,610017425,1,1,3,2,29,6,3,1,1,0,0,0,0,-1,-1,-1,0,0.17345,0.82655,-1
2025610039225,2025,610039225,1,1,3,2,80,11,2,5,1,0,0,0,0,-1,-1,-1,0,1,0,-1
2025991633184,2025,991633184,1,1,3,2,90,11,1,6,9,0,0,-1,0,5,-1,1,1,0,0,1
2025991644634,2025,991644634,1,1,3,1,3,1,2,5,1,0,0,-1,0,3,-1,7,1,1,0,1
2025991645886,2025,991645886,1,1,3,2,18,4,2,1,1,0,0,-1,0,-1,-1,7,1,1,0,-1
2025991648064,2025,991648064,1,2,3,1,63,9,3,6,9,0,0,-1,0,-1,-1,3,1,0,1,-1
2025991670258,2025,991670258,1,2,3,1,37,7,3,10,1,0,0,-1,0,2,-1,3,1,0,1,1
2025991722777,2025,991722777,1,1,3,2,65,9,2,5,1,0,0,-1,0,6,-1,5,1,1,0,1
2021010294931,2021,010294931,1,1,1,2,26,6,3,0,0,0,0,0,1,3,E01001749,-1,0,0,1,-1
2021010299136,2021,010299136,2,1,1,2,33,6,3,0,0,0,0,0,1,5,E01004225,-1,0,0,1,-1
2021010300907,2021,010300907,1,1,1,1,26,6,3,0,0,0,0,0,1,2,E01003338,-1,0,0,1,-1
2021010303550,2021,010303550,2,1,1,1,33,6,3,0,0,0,0,0,1,1,E01002081,-1,0,0,1,-1
2021010303988,2021,010303988,1,1,1,1,40,7,3,0,0,0,0,0,1,3,E01003105,-1,0,0,1,-1
2021010304436,2021,010304436,1,1,1,1,38,7,3,0,0,0,0,0,1,5,E01033734,-1,0,0,1,-1
2021010311492,2021,010311492,1,1,1,2,47,8,3,0,0,0,0,0,1,3,E01000490,-1,0,0,1,-1
2021010312766,2021,010312766,2,1,1,2,31,6,3,0,0,0,0,0,1,4,E01003090,-1,0,0,1,-1
2021010312851,2021,010312851,2,1,1,2,56,9,3,0,0,0,0,0,1,6,E01004017,-1,0,0,1,-1
2021010313696,2021,010313696,2,1,1,1,38,7,3,0,0,0,0,0,1,6,E01001865,-1,0,0,1,-1
2021010314161,2021,010314161,2,1,1,1,14,3,2,0,0,0,0,0,1,5,E01000360,-1,0,1,0,-1
2021010314276,2021,010314276,1,1,1,1,32,6,3,0,0,0,0,0,1,6,E01030411,-1,0,0,1,-1
2021010317350,2021,010317350,2,1,1,1,67,10,3,0,0,0,0,0,1,5,E01000632,-1,0,0,1,-1
2021010317931,2021,010317931,1,1,1,1,31,6,3,0,0,0,0,0,1,4,E01001514,-1,0,0,1,-1
2021010318426,2021,010318426,1,1,1,1,34,6,3,0,0,0,0,0,1,3,E01000335,-1,0,0,1,-1
2021010318629,2021,010318629,2,1,1,1,51,8,2,0,0,0,0,0,1,6,E01002541,-1,0,1,0,-1
2021010318848,2021,010318848,2,1,1,1,45,7,3,0,0,0,0,0,1,4,E01004750,-1,0,0,1,-1
2021010319607,2021,010319607,2,1,1,1,27,6,2,0,0,0,0,0,1,3,E01004317,-1,0,1,0,-1
2021010319941,2021,010319941,2,1,1,1,51,8,3,0,0,0,0,0,1,3,E01003014,-1,0,0,1,-1
2021010320457,2021,010320457,1,1,1,2,32,6,3,0,0,0,0,0,1,5,E01003054,-1,0,0,1,-1
2021010321501,2021,010321501,2,1,1,1,27,6,3,0,0,0,0,0,1,-1,-1,-1,0,0,1,-1
2021010321601,2021,010321601,2,1,1,1,53,8,2,0,0,0,0,0,1,10,E01018295,-1,0,1,0,-1
2021010326965,2021,010326965,1,1,1,2,41,7,3,0,0,0,0,0,1,2,E01001862,-1,0,0,1,-1
2021010327533,2021,010327533,2,1,1,1,41,7,3,0,0,0,0,0,1,4,E01001671,-1,0,0,1,-1
2021010327642,2021,010327642,1,1,1,1,22,5,3,0,0,0,0,0,1,3,E01000195,-1,0,0,1,-1
2021010328058,2021,010328058,2,1,1,1,59,9,2,0,0,0,0,0,1,6,E01002332,-1,0,1,0,-1
2021010328557,2021,010328557,1,1,1,1,36,7,3,0,0,0,0,0,1,2,E01004424,-1,0,0,1,-1
2021010331965,2021,010331965,2,1,1,1,21,5,3,0,0,0,0,0,1,2,E01003093,-1,0,0,1,-1
2021010332506,2021,010332506,2,1,1,1,50,8,2,0,0,0,0,0,1,4,E01003317,-1,0,1,0,-1
2021010334182,2021,010334182,1,1,1,1,25,5,3,0,0,0,0,0,1,7,E01003039,-1,0,0,1,-1
2021010334879,2021,010334879,2,1,1,1,64,9,3,0,0,0,0,0,1,8,E01003827,-1,0,0,1,-1
2021010335442,2021,010335442,2,1,1,1,10,2,3,0,0,0,0,0,1,6,E01001272,-1,0,0,1,-1
2021010336234,2021,010336234,2,1,1,2,37,7,3,0,0,0,0,0,1,8,E01004072,-1,0,0,1,-1
2021010338223,2021,010338223,2,1,1,1,44,7,3,0,0,0,0,0,1,4,E01001480,-1,0,0,1,-1
2021010338918,2021,010338918,2,2,1,-1,38,7,3,0,0,0,0,0,1,7,E01023897,-1,0,0,1,-1
2021010339358,2021,010339358,2,1,1,1,16,4,3,0,0,0,0,0,1,1,E01001178,-1,0,0,1,-1
2021010340029,2021,010340029,1,1,1,2,51,8,3,0,0,0,0,0,1,4,E01002642,-1,0,0,1,-1
2021010344597,2021,010344597,1,1,1,1,28,6,3,0,0,0,0,0,1,3,E01004020,-1,0,0,1,-1
2021010347445,2021,010347445,2,1,1,1,47,8,3,0,0,0,0,0,1,7,E01000909,-1,0,0,1,-1
2021010352129,2021,010352129,2,1,1,1,32,6,3,0,0,0,0,0,1,9,E01000446,-1,0,0,1,-1
2021031046327,2021,031046327,1,1,1,1,52,8,2,0,0,0,0,0,1,6,E01024915,6,1,1,0,-1
2021031131077,2021,031131077,2,1,1,1,55,8,3,0,0,0,0,0,1,2,E01019165,3,1,0,1,-1
2021041057541,2021,041057541,1,2,1,2,13,3,3,0,0,0,0,0,1,2,E01025075,3,1,0,1,-1
2021041152550,2021,041152550,2,1,1,1,47,8,3,0,0,0,0,0,1,1,E01024898,3,1,0,1,-1
2021052100027,2021,052100027,2,1,1,1,16,4,3,0,0,0,0,0,1,6,E01007033,-1,0,0.02372,0.97628,-1
2021052100401,2021,052100401,2,1,1,1,62,9,2,0,0,0,0,0,1,7,E01007211,-1,0,1,0,-1
2021052101694,2021,052101694,2,1,1,1,31,6,2,0,0,0,0,0,1,1,E01006673,-1,0,1,0,-1
2021052102227,2021,052102227,2,1,1,1,47,8,3,0,0,0,0,0,1,6,E01006941,-1,0,0.06764,0.93236,-1
2021061027095,2021,061027095,2,1,1,2,30,6,2,0,0,0,0,0,1,-1,-1,7,1,1,0,-1
2021061062664,2021,061062664,2,3,1,1,16,4,3,0,0,0,0,0,1,1,E01005753,3,1,0,1,-1
2021061078941,2021,061078941,2,1,1,1,16,4,3,0,0,0,0,0,1,9,E01005776,3,1,0,1,-1
2021061080958,2021,061080958,1,1,1,2,57,9,2,0,0,0,0,0,1,9,E01006088,6,1,1,0,-1
2021061110623,2021,061110623,2,1,1,1,63,9,2,0,0,0,0,0,1,-1,-1,7,1,1,0,-1
2021070498470,2021,070498470,2,1,1,1,48,8,1,0,0,0,0,0,1,3,E01006380,-1,0,0,0,-1
2021101061711,2021,101061711,1,1,1,1,-1,-1,3,0,0,0,0,0,1,-1,-1,3,1,0,1,-1
2021101063252,2021,101063252,2,1,1,1,26,6,3,0,0,0,0,0,1,1,E01008220,3,1,0,1,-1
2021122101127,2021,122101127,2,1,1,1,55,8,3,0,0,0,0,0,1,10,E01013060,-1,0,0.14486,0.85514,-1
2021131088093,2021,131088093,2,1,1,2,39,7,3,0,0,0,0,0,1,4,E01033006,3,1,0,1,-1
2021131109812,2021,131109812,2,2,1,1,11,3,2,0,0,0,0,0,1,5,E01011928,6,1,1,0,-1
20211383R0413,2021,1383R0413,2,1,1,1,35,6,3,0,0,0,0,0,1,2,E01011720,-1,0,0.0791,0.9209,-1
2021141018306,2021,141018306,2,1,1,1,54,8,3,0,0,0,0,0,1,-1,-1,3,1,0,1,-1
2021141088130,2021,141088130,2,1,1,2,51,8,3,0,0,0,0,0,1,-1,-1,3,1,0,1,-1
2021141088516,2021,141088516,2,1,1,1,29,6,2,0,0,0,0,0,1,5,E01008045,7,1,1,0,-1
2021141118493,2021,141118493,2,1,1,1,59,9,2,0,0,0,0,0,1,7,E01007972,6,1,1,0,-1
2021161028219,2021,161028219,2,1,1,1,15,3,3,0,0,0,0,0,1,6,E01013334,3,1,0,1,-1
2021170H10221,2021,170H10221,1,1,1,1,14,3,3,0,0,0,0,0,1,1,E01011981,-1,0,0.05556,0.94444,-1
2021170M10521,2021,170M10521,2,2,1,2,61,9,3,0,0,0,0,0,1,7,E01012064,-1,0,0.06779,0.93221,-1
2021201055931,2021,201055931,2,1,1,1,26,6,3,0,0,0,0,0,1,2,E01010038,3,1,0,1,-1
2021201056079,2021,201056079,1,1,1,1,40,7,3,0,0,0,0,0,1,-1,-1,3,1,0,1,-1
2021201105950,2021,201105950,2,1,1,1,74,10,3,0,0,0,0,0,1,1,E01009122,3,1,0,1,-1
2021201116586,2021,201116586,2,1,1,1,55,8,3,0,0,0,0,0,1,3,E01009049,3,1,0,1,-1
2021201124625,2021,201124625,2,1,1,1,27,6,2,0,0,0,0,0,1,3,E01008988,7,1,1,0,-1
2021201147343,2021,201147343,2,1,1,1,-1,-1,3,0,0,0,0,0,1,4,E01010254,3,1,0,1,-1
2021221021819,2021,221021819,2,1,1,2,34,6,3,0,0,0,0,0,1,-1,-1,3,1,0,1,-1
2021221092164,2021,221092164,1,1,1,1,19,4,3,0,0,0,0,0,1,-1,-1,3,1,0,1,-1
2021302100587,2021,302100587,2,1,1,1,18,4,3,0,0,0,0,0,1,2,E01013477,-1,0,0.02941,0.97059,-1
2021302101101,2021,302101101,1,1,1,1,42,7,3,0,0,0,0,0,1,2,E01019441,-1,0,0.01413,0.98587,-1
202131B011421,2021,31B011421,2,1,1,1,61,9,3,0,0,0,0,0,1,10,E01028292,-1,0,0.19343,0.80657,-1
202131B034321,2021,31B034321,2,1,1,1,57,9,2,0,0,0,0,0,1,8,E01028337,-1,0,1,0,-1
202131C038121,2021,31C038121,2,1,1,2,52,8,3,0,0,0,0,0,1,3,E01013944,-1,0,0.15816,0.84184,-1
202131C075521,2021,31C075521,2,1,1,1,48,8,2,0,0,0,0,0,1,2,E01013829,-1,0,1,0,-1
2021332100869,2021,332100869,2,1,1,2,59,9,2,0,0,0,0,0,1,-1,-1,-1,0,1,0,-1
202134NNC1501,2021,34NNC1501,2,1,1,1,14,3,3,0,0,0,0,0,1,1,E01027318,-1,0,0,1,-1
2021351114460,2021,351114460,2,1,1,2,53,8,2,0,0,0,0,0,1,7,E01018218,7,1,1,0,-1
2021361055479,2021,361055479,2,1,1,1,33,6,3,0,0,0,0,0,1,9,E01026544,3,1,0,1,-1
2021361085872,2021,361085872,1,1,1,1,14,3,3,0,0,0,0,0,1,4,E01033037,3,1,0,1,-1
2021361121812,2021,361121812,2,1,1,-1,16,4,3,0,0,0,0,0,1,6,E01026797,3,1,0,1,-1
2021371075408,2021,371075408,2,1,1,2,15,3,3,0,0,0,0,0,1,7,E01030098,3,1,0,1,-1
2021371097385,2021,371097385,2,1,1,1,58,9,3,0,0,0,0,0,1,8,E01029878,3,1,0,1,-1
2021401022766,2021,401022766,2,1,1,1,19,4,3,0,0,0,0,0,1,8,E01017598,3,1,0,1,-1
2021411042804,2021,411042804,2,1,1,1,48,8,2,0,0,0,0,0,1,8,E01033029,5,1,1,0,-1
2021421017867,2021,421017867,2,1,1,1,50,8,2,0,0,0,0,0,1,3,E01021427,7,1,1,0,-1
2021421053743,2021,421053743,2,1,1,2,52,8,3,0,0,0,0,0,1,8,E01015894,3,1,0,1,-1
2021430083986,2021,430083986,2,1,1,1,36,7,3,0,0,0,0,0,1,7,E01028432,-1,0,0.01155,0.98845,-1
2021430161718,2021,430161718,1,1,1,1,52,8,3,0,0,0,0,0,1,-1,-1,-1,0,0.07222,0.92778,-1
2021430196805,2021,430196805,1,1,1,1,46,8,3,0,0,0,0,0,1,5,E01016392,-1,0,0.00793,0.99207,-1
2021430315293,2021,430315293,2,1,1,1,14,3,3,0,0,0,0,0,1,8,E01017628,-1,0,0.04087,0.95913,-1
2021430327445,2021,430327445,2,1,1,2,32,6,3,0,0,0,0,0,1,8,E01016281,-1,0,0.04442,0.95558,-1
2021430517437,2021,430517437,1,1,1,1,64,9,2,0,0,0,0,0,1,5,E01016754,-1,0,1,0,-1
2021440302198,2021,440302198,1,1,1,2,52,8,2,0,0,0,0,0,1,6,E01030767,-1,0,0.91502,0.08498,-1
2021440419859,2021,440419859,1,1,1,1,37,7,2,0,0,0,0,0,1,3,E01017127,-1,0,0.90653,0.09347,-1
2021451069355,2021,451069355,1,1,1,2,29,6,3,0,0,0,0,0,1,8,E01003446,3,1,0,1,-1
2021451074322,2021,451074322,2,2,1,2,32,6,3,0,0,0,0,0,1,3,E01003164,3,1,0,1,-1
2021451088269,2021,451088269,2,1,1,1,66,10,3,0,0,0,0,0,1,6,E01030957,3,1,0,1,-1
2021451116785,2021,451116785,2,1,1,1,12,3,3,0,0,0,0,0,1,5,E01030482,3,1,0,1,-1
2021461083484,2021,461083484,2,1,1,1,50,8,3,0,0,0,0,0,1,3,E01024548,3,1,0,1,-1
2021461128557,2021,461128557,1,1,1,1,40,7,3,0,0,0,0,0,1,1,E01024697,3,1,0,1,-1
2021471018489,2021,471018489,1,1,1,1,29,6,3,0,0,0,0,0,1,9,E01031489,3,1,0,1,-1
2021471052701,2021,471052701,2,1,1,1,70,10,2,0,0,0,0,0,1,5,E01031750,7,1,1,0,-1
2021471067009,2021,471067009,1,1,1,2,39,7,2,0,0,0,0,0,1,1,E01020972,5,1,1,0,-1
2021471076042,2021,471076042,2,1,1,2,22,5,3,0,0,0,0,0,1,2,E01016909,3,1,0,1,-1
2021471103078,2021,471103078,2,1,1,1,31,6,2,0,0,0,0,0,1,7,E01016913,5,1,1,0,-1
2021471121604,2021,471121604,2,1,1,1,30,6,3,0,0,0,0,0,1,6,E01016996,3,1,0,1,-1
2021481066558,2021,481066558,2,1,1,1,36,7,3,0,0,0,0,0,1,2,E01003950,3,1,0,1,-1
2021501044630,2021,501044630,2,1,1,1,61,9,3,0,0,0,0,0,1,3,E01018953,3,1,0,1,-1
2021501049125,2021,501049125,2,1,1,1,18,4,2,0,0,0,0,0,1,4,E01015054,7,1,1,0,-1
2021501096593,2021,501096593,1,1,1,1,68,10,2,0,0,0,0,0,1,6,E01019011,7,1,1,0,-1
2021522104707,2021,522104707,1,1,1,1,40,7,3,0,0,0,0,0,1,9,E01014918,-1,0,0.05112,0.94888,-1
2021522105276,2021,522105276,2,1,1,2,38,7,3,0,0,0,0,0,1,4,E01033364,-1,0,0.24206,0.75794,-1
2021531110488,2021,531110488,2,1,1,1,52,8,3,0,0,0,0,0,1,10,E01022170,3,1,0,1,-1
2021544996321,2021,544996321,2,1,1,1,39,7,3,0,0,0,0,0,1,8,E01031932,-1,0,0.056,0.944,-1
2021622100543,2021,622100543,2,2,1,1,24,5,3,0,0,0,0,0,1,6,W01001951,-1,0,0.07067,0.92933,-1
2021622200015,2021,622200015,2,2,1,2,27,6,3,0,0,0,0,0,1,2,W01000942,-1,0,0.0579,0.9421,-1
2021991031553,2021,991031553,2,1,1,2,61,9,2,0,0,0,0,0,1,10,-1,6,1,1,0,-1
2021991060428,2021,991060428,2,1,1,1,24,5,3,0,0,0,0,0,1,8,-1,3,1,0,1,-1
2021991076286,2021,991076286,1,1,1,1,14,3,3,0,0,0,0,0,1,1,-1,3,1,0,1,-1
2021991083383,2021,991083383,2,1,1,1,41,7,2,0,0,0,0,0,1,10,-1,7,1,1,0,-1
2022010353008,2022,010353008,2,2,1,1,26,6,3,0,0,0,0,0,1,-1,-1,-1,0,0,1,-1
2022010353770,2022,010353770,1,1,1,1,27,6,3,0,0,0,0,0,1,2,E01002784,-1,0,0,1,-1
2022010358105,2022,010358105,1,1,1,2,41,7,3,0,0,0,0,0,1,5,E01002667,-1,0,0,1,-1
2022010359583,2022,010359583,1,1,1,1,37,7,2,0,0,0,0,0,1,3,E01003917,-1,0,1,0,-1
2022010359648,2022,010359648,1,1,1,1,46,8,3,0,0,0,0,0,1,3,E01004741,-1,0,0,1,-1
2022010361916,2022,010361916,2,1,1,1,46,8,3,0,0,0,0,0,1,2,E01001515,-1,0,0,1,-1
2022010362334,2022,010362334,1,1,1,1,34,6,3,0,0,0,0,0,1,4,E01003776,-1,0,0,1,-1
2022010362702,2022,010362702,2,1,1,2,43,7,3,0,0,0,0,0,1,4,E01000558,-1,0,0,1,-1
2022010363561,2022,010363561,1,1,1,1,19,4,3,0,0,0,0,0,1,2,E01004669,-1,0,0,1,-1
2022010364209,2022,010364209,2,1,1,1,36,7,3,0,0,0,0,0,1,-1,-1,-1,0,0,1,-1
2022010365363,2022,010365363,1,1,1,1,19,4,3,0,0,0,0,0,1,4,E01002594,-1,0,0,1,-1
2022010366364,2022,010366364,2,1,1,2,43,7,3,0,0,0,0,0,1,4,E01002603,-1,0,0,1,-1
2022010367391,2022,010367391,2,1,1,1,46,8,3,0,0,0,0,0,1,6,E01000492,-1,0,0,1,-1
2022010370333,2022,010370333,1,1,1,1,49,8,2,0,0,0,0,0,1,2,E01003920,-1,0,1,0,-1
2022010374107,2022,010374107,2,1,1,-1,-1,-1,3,0,0,0,0,0,1,-1,-1,-1,0,0,1,-1
2022010375053,2022,010375053,2,1,1,2,36,7,3,0,0,0,0,0,1,3,E01003269,-1,0,0,1,-1
2022010376856,2022,010376856,2,1,1,1,38,7,3,0,0,0,0,0,1,4,E01003023,-1,0,0,1,-1
2022010377434,2022,010377434,1,1,1,2,27,6,3,0,0,0,0,0,1,9,E01003884,-1,0,0,1,-1
2022010377486,2022,010377486,2,1,1,2,45,7,3,0,0,0,0,0,1,6,E01004621,-1,0,0,1,-1
2022010378702,2022,010378702,1,1,1,1,55,8,3,0,0,0,0,0,1,3,E01003105,-1,0,0,1,-1
2022010379511,2022,010379511,1,1,1,1,25,5,3,0,0,0,0,0,1,3,E01004212,-1,0,0,1,-1
2022010383913,2022,010383913,1,1,1,1,20,4,3,0,0,0,0,0,1,7,E01000156,-1,0,0,1,-1
2022010386518,2022,010386518,2,1,1,-1,-1,-1,3,0,0,0,0,0,1,-1,-1,-1,0,0,1,-1
2022010387014,2022,010387014,2,1,1,1,27,6,3,0,0,0,0,0,1,-1,-1,-1,0,0,1,-1
2022010387841,2022,010387841,2,1,1,2,26,6,3,0,0,0,0,0,1,2,E01001848,-1,0,0,1,-1
2022010387989,2022,010387989,1,1,1,1,26,6,3,0,0,0,0,0,1,6,E01004493,-1,0,0,1,-1
2022010391118,2022,010391118,2,1,1,1,18,4,2,0,0,0,0,0,1,2,E01003111,-1,0,1,0,-1
2022010391836,2022,010391836,2,1,1,1,36,7,3,0,0,0,0,0,1,5,E01000888,-1,0,0,1,-1
2022010392315,2022,010392315,1,1,1,1,20,4,3,0,0,0,0,0,1,5,E01003022,-1,0,0,1,-1
2022010392617,2022,010392617,1,1,1,1,48,8,3,0,0,0,0,0,1,4,E01000799,-1,0,0,1,-1
2022010394556,2022,010394556,1,1,1,2,15,3,3,0,0,0,0,0,1,-1,-1,-1,0,0,1,-1
2022010395196,2022,010395196,2,1,1,1,-1,-1,3,0,0,0,0,0,1,3,E01003388,-1,0,0,1,-1
2022010395202,2022,010395202,2,1,1,1,45,7,3,0,0,0,0,0,1,2,E01003634,-1,0,0,1,-1
2022010396012,2022,010396012,2,1,1,1,30,6,3,0,0,0,0,0,1,9,E01004490,-1,0,0,1,-1
2022010396528,2022,010396528,1,1,1,1,23,5,2,0,0,0,0,0,1,1,E01004272,-1,0,1,0,-1
2022010401272,2022,010401272,1,1,1,1,33,6,2,0,0,0,0,0,1,3,E01000622,-1,0,1,0,-1
2022010402137,2022,010402137,2,1,1,1,34,6,3,0,0,0,0,0,1,2,E01000550,-1,0,0,1,-1
2022010402379,2022,010402379,1,1,1,1,37,7,3,0,0,0,0,0,1,3,E01002803,-1,0,0,1,-1
2022010403997,2022,010403997,1,1,1,2,22,5,3,0,0,0,0,0,1,1,E01002026,-1,0,0,1,-1
2022010404792,2022,010404792,1,1,1,1,38,7,3,0,0,0,0,0,1,2,E01033726,-1,0,0,1,-1
2022010407772,2022,010407772,1,1,1,1,59,9,3,0,0,0,0,0,1,2,E01004041,-1,0,0,1,-1
2022010408759,2022,010408759,1,1,1,1,52,8,3,0,0,0,0,0,1,4,E01004396,-1,0,0,1,-1
2022010410172,2022,010410172,1,1,1,1,25,5,3,0,0,0,0,0,1,2,E01002840,-1,0,0,1,-1
2022010411229,2022,010411229,1,1,1,1,46,8,3,0,0,0,0,0,1,4,E01004417,-1,0,0,1,-1
2022010412259,2022,010412259,2,1,1,1,31,6,3,0,0,0,0,0,1,-1,-1,-1,0,0,1,-1
2022010415123,2022,010415123,1,1,1,1,32,6,3,0,0,0,0,0,1,3,E01003154,-1,0,0,1,-1
2022010415325,2022,010415325,1,1,1,1,41,7,3,0,0,0,0,0,1,2,E01002080,-1,0,0,1,-1
2022041195430,2022,041195430,1,1,1,1,9,2,3,0,0,0,0,0,1,6,E01025145,3,1,0,1,-1
2022041219138,2022,041219138,2,1,1,1,52,8,2,0,0,0,0,0,1,5,E01025395,7,1,1,0,-1
2022052201991,2022,052201991,2,1,1,1,-1,-1,3,0,0,0,0,0,1,1,E01006630,-1,0,0.04298,0.95702,-1
2022052202266,2022,052202266,2,1,1,1,26,6,3,0,0,0,0,0,1,1,E01006754,-1,0,0.05807,0.94193,-1
2022052202866,2022,052202866,2,1,1,1,38,7,3,0,0,0,0,0,1,7,E01007196,-1,0,0.08974,0.91026,-1
2022052202948,2022,052202948,2,1,1,1,27,6,3,0,0,0,0,0,1,1,E01006702,-1,0,0.09862,0.90138,-1
2022052203221,2022,052203221,2,1,1,1,31,6,3,0,0,0,0,0,1,1,E01033763,-1,0,0.03018,0.96982,-1
2022061151647,2022,061151647,2,1,1,2,30,6,3,0,0,0,0,0,1,8,E01006133,3,1,0,1,-1
2022061187738,2022,061187738,2,1,1,1,17,4,3,0,0,0,0,0,1,2,E01005178,3,1,0,1,-1
2022061187807,2022,061187807,2,1,1,1,21,5,2,0,0,0,0,0,1,5,E01005696,7,1,1,0,-1
2022061198976,2022,061198976,2,1,1,1,47,8,3,0,0,0,0,0,1,-1,-1,3,1,0,1,-1
2022061229112,2022,061229112,2,1,1,1,-1,-1,2,0,0,0,0,0,1,4,E01005273,7,1,1,0,-1
2022061246081,2022,061246081,2,1,1,2,38,7,3,0,0,0,0,0,1,3,E01006171,3,1,0,1,-1
2022061250635,2022,061250635,1,1,1,1,60,9,3,0,0,0,0,0,1,2,E01005917,3,1,0,1,-1
2022061253778,2022,061253778,2,1,1,2,25,5,3,0,0,0,0,0,1,-1,-1,3,1,0,1,-1
2022061256320,2022,061256320,2,1,2,1,4,1,3,0,0,0,0,0,1,-1,-1,3,1,0,1,-1
2022070051267,2022,070051267,2,1,1,1,33,6,3,0,0,0,0,0,1,-1,-1,-1,0,0.12998,0.87002,-1
2022070529076,2022,070529076,2,1,1,1,52,8,3,0,0,0,0,0,1,4,E01012498,-1,0,0.03597,0.96403,-1
2022070582355,2022,070582355,2,1,1,1,49,8,2,0,0,0,0,0,1,9,E01012393,-1,0,1,0,-1
2022070686697,2022,070686697,1,1,1,1,-1,-1,3,0,0,0,0,0,1,-1,-1,-1,0,0.08351,0.91649,-1
2022070749508,2022,070749508,2,1,1,1,55,8,3,0,0,0,0,0,1,7,E01012371,-1,0,0.12078,0.87922,-1
2022101188948,2022,101188948,2,1,1,1,62,9,3,0,0,0,0,0,1,10,E01008418,3,1,0,1,-1
2022101190893,2022,101190893,1,1,1,1,20,4,2,0,0,0,0,0,1,1,E01008227,7,1,1,0,-1
2022101215523,2022,101215523,2,1,1,2,-1,-1,3,0,0,0,0,0,1,-1,-1,3,1,0,1,-1
2022101236813,2022,101236813,2,1,1,1,60,9,3,0,0,0,0,0,1,7,E01027434,3,1,0,1,-1
2022111144016,2022,111144016,2,1,1,1,31,6,3,0,0,0,0,0,1,1,E01012312,3,1,0,1,-1
2022122200248,2022,122200248,2,1,1,2,19,4,3,0,0,0,0,0,1,9,E01013365,-1,0,0.07128,0.92872,-1
2022122201162,2022,122201162,2,1,1,2,51,8,3,0,0,0,0,0,1,6,E01013398,-1,0,0.07091,0.92909,-1
2022131168129,2022,131168129,2,1,1,1,26,6,2,0,0,0,0,0,1,2,E01011470,5,1,1,0,-1
2022131182054,2022,131182054,2,1,1,1,57,9,2,0,0,0,0,0,1,1,E01010653,7,1,1,0,-1
2022131185204,2022,131185204,2,1,1,1,25,5,2,0,0,0,0,0,1,5,E01033016,7,1,1,0,-1
2022131191085,2022,131191085,2,1,1,1,30,6,3,0,0,0,0,0,1,7,E01011873,3,1,0,1,-1
2022131218826,2022,131218826,2,1,1,1,38,7,3,0,0,0,0,0,1,6,E01011645,3,1,0,1,-1
2022131230880,2022,131230880,2,1,1,1,15,3,3,0,0,0,0,0,1,1,E01010655,3,1,0,1,-1
2022141143494,2022,141143494,2,1,1,2,49,8,3,0,0,0,0,0,1,-1,-1,3,1,0,1,-1
2022141171557,2022,141171557,2,1,1,1,59,9,3,0,0,0,0,0,1,9,E01007752,3,1,0,1,-1
2022141233254,2022,141233254,2,1,1,1,20,4,3,0,0,0,0,0,1,1,E01007466,3,1,0,1,-1
2022141233372,2022,141233372,2,2,1,1,13,3,3,0,0,0,0,0,1,4,E01007390,3,1,0,1,-1
2022161203774,2022,161203774,2,1,1,1,12,3,3,0,0,0,0,0,1,1,E01013137,3,1,0,1,-1
2022161209693,2022,161209693,2,1,1,1,55,8,2,0,0,0,0,0,1,9,E01013316,7,1,1,0,-1
2022161219123,2022,161219123,2,1,1,1,67,10,2,0,0,0,0,0,1,9,E01013015,6,1,1,0,-1
2022161230235,2022,161230235,2,1,1,1,75,10,3,0,0,0,0,0,1,8,E01013190,3,1,0,1,-1
2022161247616,2022,161247616,1,1,1,1,13,3,2,0,0,0,0,0,1,3,E01013233,7,1,1,0,-1
2022161266782,2022,161266782,1,1,1,1,20,4,3,0,0,0,0,0,1,1,E01012833,3,1,0,1,-1
2022201172915,2022,201172915,1,1,1,1,59,9,2,0,0,0,0,0,1,3,E01010523,7,1,1,0,-1
2022201226700,2022,201226700,2,1,1,1,43,7,3,0,0,0,0,0,1,2,E01009393,3,1,0,1,-1
2022201229667,2022,201229667,2,1,1,1,26,6,3,0,0,0,0,0,1,1,E01009413,3,1,0,1,-1
2022201249279,2022,201249279,1,1,1,1,17,4,3,0,0,0,0,0,1,10,E01010173,3,1,0,1,-1
2022201255585,2022,201255585,1,1,1,1,21,5,3,0,0,0,0,0,1,-1,-1,3,1,0,1,-1
2022201259972,2022,201259972,2,1,1,1,36,7,3,0,0,0,0,0,1,4,E01009689,3,1,0,1,-1
2022201266237,2022,201266237,3,1,1,1,-1,-1,3,0,0,0,0,0,1,8,E01009706,3,1,0,1,-1
2022221159957,2022,221159957,2,1,1,1,48,8,3,0,0,0,0,0,1,8,E01032182,3,1,0,1,-1
2022221167840,2022,221167840,1,1,1,1,74,10,2,0,0,0,0,0,1,4,E01014011,5,1,1,0,-1
2022221184938,2022,221184938,2,1,1,1,9,2,2,0,0,0,0,0,1,5,E01028931,7,1,1,0,-1
2022221185555,2022,221185555,2,1,1,1,66,10,3,0,0,0,0,0,1,10,E01032162,3,1,0,1,-1
